id,opportunity_name,country_region,gic_site,program_type,disciplines,student_year,term_timing,language_needed,cost_range,description,eligibility,student_next_step,contact,status,keywords,public_notes,program_key,academic_year,active_years_combined,host_unit,faculty_contacts,minimum_gpa,courses_raw,course_codes,course_titles,credits,catalog_departments,catalog_colleges,public_program_url,public_program_match_type,academic_themes,course_description_summary,course_prerequisites_summary,course_frequency_summary,catalog_source_detail,data_confidence,source_file
PTP-0001,Al Akhawayn Universtiy,Morocco / Africa,"Ifrane, Morocco",Exchange Program,Interdisciplinary,Undergraduate; Graduate/Professional where program permits,2025-2026,Not specified; confirm with program contact,Not listed in source export; confirm with Global Education/Mercer On Mission,"Al Akhawayn Universtiy is a Exchange Program in Ifrane, Morocco. ",Minimum GPA: 3.0. Program-specific prerequisites/restrictions should be confirmed with host unit.,Review the public program page if listed; contact the host unit/faculty contact before applying.,Bryan Johnson,Approved,Exchange Program; Morocco; Africa; General Global / Intercultural; Interdisciplinary,Source: CRM export. Public URL: https://globalengagement.mercer.edu/global-education/exchange-programs/al-akhawayn-university/,EXPRAUI,2025-2026,2025-2026; 2026-2027,Study Abroad / Global Education,Bryan Johnson,3.0,,,,,,,https://globalengagement.mercer.edu/global-education/exchange-programs/al-akhawayn-university/,Exact Global Education exchange program menu match,General Global / Intercultural,,,,,High - CRM travel program,Active Study Abroad Programs 2025-2026.xlsx
PTP-0002,Bamberg University,Germany / Europe,"Bamberg, Germany",Exchange Program,Interdisciplinary,Undergraduate; Graduate/Professional where program permits,2025-2026,Not specified; confirm with program contact,Not listed in source export; confirm with Global Education/Mercer On Mission,"Bamberg University is a Exchange Program in Bamberg, Germany. ",Minimum GPA: 3.0. Program-specific prerequisites/restrictions should be confirmed with host unit.,Review the public program page if listed; contact the host unit/faculty contact before applying.,Bryan Johnson,Approved,Exchange Program; Germany; Europe; General Global / Intercultural; Interdisciplinary,Source: CRM export. Public URL: https://globalengagement.mercer.edu/global-education/exchange-programs/bamberg-university/,EXPRBAM,2025-2026,2025-2026; 2026-2027,Study Abroad / Global Education,Bryan Johnson,3.0,,,,,,,https://globalengagement.mercer.edu/global-education/exchange-programs/bamberg-university/,Exact Global Education exchange program menu match,General Global / Intercultural,,,,,High - CRM travel program,Active Study Abroad Programs 2025-2026.xlsx
PTP-0003,Hong Kong Baptist University,China / Asia,"Hong Kong, China",Exchange Program,Interdisciplinary,Undergraduate; Graduate/Professional where program permits,2025-2026,Not specified; confirm with program contact,Not listed in source export; confirm with Global Education/Mercer On Mission,"Hong Kong Baptist University is a Exchange Program in Hong Kong, China. ",Minimum GPA: 3.0. Program-specific prerequisites/restrictions should be confirmed with host unit.,Review the public program page if listed; contact the host unit/faculty contact before applying.,Bryan Johnson,Approved,Exchange Program; China; Asia; General Global / Intercultural; Interdisciplinary,Source: CRM export. Public URL: https://globalengagement.mercer.edu/global-education/exchange-programs/hong-kong-baptist-university/,EXPRHKBU,2025-2026,2025-2026; 2026-2027,Study Abroad / Global Education,Bryan Johnson,3.0,,,,,,,https://globalengagement.mercer.edu/global-education/exchange-programs/hong-kong-baptist-university/,Exact Global Education exchange program menu match,General Global / Intercultural,,,,,High - CRM travel program,Active Study Abroad Programs 2025-2026.xlsx
PTP-0004,Jagiellonian University,Poland / Europe,"Krakow, Poland",Exchange Program,Interdisciplinary,Undergraduate; Graduate/Professional where program permits,2025-2026,Not specified; confirm with program contact,Not listed in source export; confirm with Global Education/Mercer On Mission,"Jagiellonian University is a Exchange Program in Krakow, Poland. ",Minimum GPA: 3.0. Program-specific prerequisites/restrictions should be confirmed with host unit.,Review the public program page if listed; contact the host unit/faculty contact before applying.,Bryan Johnson,Approved,Exchange Program; Poland; Europe; General Global / Intercultural; Interdisciplinary,Source: CRM export. Public URL: https://globalengagement.mercer.edu/global-education/exchange-programs/jagiellonian-university/,EXPRJAG,2025-2026,2025-2026; 2026-2027,Study Abroad / Global Education,Bryan Johnson,3.0,,,,,,,https://globalengagement.mercer.edu/global-education/exchange-programs/jagiellonian-university/,Exact Global Education exchange program menu match,General Global / Intercultural,,,,,High - CRM travel program,Active Study Abroad Programs 2025-2026.xlsx
PTP-0005,Kansai Gaidai University,Japan / Asia,"Osaka, Japan",Exchange Program,Engineering; Computer Science; Technology,Undergraduate; Graduate/Professional where program permits,2025-2026,Not specified; confirm with program contact,Not listed in source export; confirm with Global Education/Mercer On Mission,"Kansai Gaidai University is a Exchange Program in Osaka, Japan. ",Minimum GPA: 3.0. Program-specific prerequisites/restrictions should be confirmed with host unit.,Review the public program page if listed; contact the host unit/faculty contact before applying.,Bryan Johnson,Approved,Exchange Program; Japan; Asia; Global Technology / Engineering; Engineering; Computer Science; Technology,Source: CRM export. Public URL: https://globalengagement.mercer.edu/global-education/exchange-programs/kansai-gaidai-university/,EXPRKGU,2025-2026,2025-2026; 2026-2027,Study Abroad / Global Education,Bryan Johnson,3.0,,,,,,,https://globalengagement.mercer.edu/global-education/exchange-programs/kansai-gaidai-university/,Exact Global Education exchange program menu match,Global Technology / Engineering,,,,,High - CRM travel program,Active Study Abroad Programs 2025-2026.xlsx
PTP-0006,Kyungpook National University,South Korea / Asia,"Daegu, South Korea",Exchange Program,Interdisciplinary,Undergraduate; Graduate/Professional where program permits,2025-2026,Not specified; confirm with program contact,Not listed in source export; confirm with Global Education/Mercer On Mission,"Kyungpook National University is a Exchange Program in Daegu, South Korea. ",Minimum GPA: 3.0. Program-specific prerequisites/restrictions should be confirmed with host unit.,Review the public program page if listed; contact the host unit/faculty contact before applying.,Bryan Johnson,Approved,Exchange Program; South Korea; Asia; General Global / Intercultural; Interdisciplinary,Source: CRM export. Public URL: https://globalengagement.mercer.edu/global-education/exchange-programs/kyungpook-national-university/,EXPRKNU,2025-2026,2025-2026; 2026-2027,Study Abroad / Global Education,Bryan Johnson,3.0,,,,,,,https://globalengagement.mercer.edu/global-education/exchange-programs/kyungpook-national-university/,Exact Global Education exchange program menu match,General Global / Intercultural,,,,,High - CRM travel program,Active Study Abroad Programs 2025-2026.xlsx
PTP-0007,Linnaeus University,Sweden / Europe,"Växjö, Sweden",Exchange Program,Interdisciplinary,Undergraduate; Graduate/Professional where program permits,2025-2026,Not specified; confirm with program contact,Not listed in source export; confirm with Global Education/Mercer On Mission,"Linnaeus University is a Exchange Program in Växjö, Sweden. ",Minimum GPA: 3.0. Program-specific prerequisites/restrictions should be confirmed with host unit.,Review the public program page if listed; contact the host unit/faculty contact before applying.,Bryan Johnson,Approved,Exchange Program; Sweden; Europe; General Global / Intercultural; Interdisciplinary,Source: CRM export. Public URL: https://globalengagement.mercer.edu/global-education/exchange-programs/linnaeus-university/,EXPRLNU,2025-2026,2025-2026; 2026-2027,Study Abroad / Global Education,Bryan Johnson,3.0,,,,,,,https://globalengagement.mercer.edu/global-education/exchange-programs/linnaeus-university/,Exact Global Education exchange program menu match,General Global / Intercultural,,,,,High - CRM travel program,Active Study Abroad Programs 2025-2026.xlsx
PTP-0008,Newcastle University,United Kingdom / Europe,"Newcastle Upon Tyne, England, United Kingdom",Exchange Program,Interdisciplinary,Undergraduate; Graduate/Professional where program permits,2025-2026,Not specified; confirm with program contact,Not listed in source export; confirm with Global Education/Mercer On Mission,"Newcastle University is a Exchange Program in Newcastle Upon Tyne, England, United Kingdom. ",Minimum GPA: 3.0. Program-specific prerequisites/restrictions should be confirmed with host unit.,Review the public program page if listed; contact the host unit/faculty contact before applying.,Bryan Johnson,Approved,Exchange Program; United Kingdom; Europe; General Global / Intercultural; Interdisciplinary,Source: CRM export. Public URL: https://globalengagement.mercer.edu/global-education/exchange-programs/newcastle-university/,EXPRNEW,2025-2026,2025-2026; 2026-2027,Study Abroad / Global Education,Bryan Johnson,3.0,,,,,,,https://globalengagement.mercer.edu/global-education/exchange-programs/newcastle-university/,Exact Global Education exchange program menu match,General Global / Intercultural,,,,,High - CRM travel program,Active Study Abroad Programs 2025-2026.xlsx
PTP-0009,Seinan Gakuin University,Japan / Asia,"Fukuoka, Japan",Exchange Program,Interdisciplinary,Undergraduate; Graduate/Professional where program permits,2025-2026,Not specified; confirm with program contact,Not listed in source export; confirm with Global Education/Mercer On Mission,"Seinan Gakuin University is a Exchange Program in Fukuoka, Japan. ",Minimum GPA: 3.0. Program-specific prerequisites/restrictions should be confirmed with host unit.,Review the public program page if listed; contact the host unit/faculty contact before applying.,Bryan Johnson,Approved,Exchange Program; Japan; Asia; General Global / Intercultural; Interdisciplinary,Source: CRM export. Public URL: https://globalengagement.mercer.edu/global-education/exchange-programs/seinan-gakuin-university/,EXPRSGU,2025-2026,2025-2026; 2026-2027,Study Abroad / Global Education,Bryan Johnson,3.0,,,,,,,https://globalengagement.mercer.edu/global-education/exchange-programs/seinan-gakuin-university/,Exact Global Education exchange program menu match,General Global / Intercultural,,,,,High - CRM travel program,Active Study Abroad Programs 2025-2026.xlsx
PTP-0010,Universidad de Belgrano,Argentina / Unmapped,"Buenos Aires, Argentina",Exchange Program,Interdisciplinary,Undergraduate; Graduate/Professional where program permits,2025-2026,Not specified; confirm with program contact,Not listed in source export; confirm with Global Education/Mercer On Mission,"Universidad de Belgrano is a Exchange Program in Buenos Aires, Argentina. ",Minimum GPA: 3.0. Program-specific prerequisites/restrictions should be confirmed with host unit.,Review the public program page if listed; contact the host unit/faculty contact before applying.,Bryan Johnson,Approved,Exchange Program; Argentina; Unmapped; Global Technology / Engineering; Interdisciplinary,Source: CRM export. Public URL: https://globalengagement.mercer.edu/global-education/exchange-programs/universidad-de-belgrano/,EXPRUDB,2025-2026,2025-2026; 2026-2027,Study Abroad / Global Education,Bryan Johnson,3.0,,,,,,,https://globalengagement.mercer.edu/global-education/exchange-programs/universidad-de-belgrano/,Exact Global Education exchange program menu match,Global Technology / Engineering,,,,,High - CRM travel program,Active Study Abroad Programs 2025-2026.xlsx
PTP-0011,Universidad de Navarra,Spain / Europe,"Pamplona, Spain",Exchange Program,Engineering; Computer Science; Technology,Undergraduate; Graduate/Professional where program permits,2025-2026,Not specified; confirm with program contact,Not listed in source export; confirm with Global Education/Mercer On Mission,"Universidad de Navarra is a Exchange Program in Pamplona, Spain. ",Minimum GPA: 3.0. Program-specific prerequisites/restrictions should be confirmed with host unit.,Review the public program page if listed; contact the host unit/faculty contact before applying.,Global Education / Mercer On Mission,Approved,Exchange Program; Spain; Europe; Global Technology / Engineering; Engineering; Computer Science; Technology,Source: CRM export. Public URL: https://globalengagement.mercer.edu/global-education/exchange-programs/universidad-de-navarra/,EXPRUNAV,2025-2026,2025-2026; 2026-2027,Study Abroad / Global Education,,3.0,,,,,,,https://globalengagement.mercer.edu/global-education/exchange-programs/universidad-de-navarra/,Exact Global Education exchange program menu match,Global Technology / Engineering,,,,,High - CRM travel program,Active Study Abroad Programs 2025-2026.xlsx
PTP-0012,Universidad Francisco de Vitoria,Spain / Europe,"Madrid, Spain",Exchange Program,Engineering; Computer Science; Technology,Undergraduate; Graduate/Professional where program permits,2025-2026,Not specified; confirm with program contact,Not listed in source export; confirm with Global Education/Mercer On Mission,"Universidad Francisco de Vitoria is a Exchange Program in Madrid, Spain. ",Minimum GPA: 3.0. Program-specific prerequisites/restrictions should be confirmed with host unit.,Review the public program page if listed; contact the host unit/faculty contact before applying.,Bryan Johnson,Approved,Exchange Program; Spain; Europe; Global Technology / Engineering; Engineering; Computer Science; Technology,Source: CRM export. Public URL: https://globalengagement.mercer.edu/global-education/exchange-programs/universidad-francisco-de-vitoria/,EXPRUFV,2025-2026,2025-2026; 2026-2027,Study Abroad / Global Education,Bryan Johnson,3.0,,,,,,,https://globalengagement.mercer.edu/global-education/exchange-programs/universidad-francisco-de-vitoria/,Exact Global Education exchange program menu match,Global Technology / Engineering,,,,,High - CRM travel program,Active Study Abroad Programs 2025-2026.xlsx
PTP-0013,University of Chichester,United Kingdom / Europe,"Chichester, England, United Kingdom",Exchange Program,Interdisciplinary,Undergraduate; Graduate/Professional where program permits,2025-2026,Not specified; confirm with program contact,Not listed in source export; confirm with Global Education/Mercer On Mission,"University of Chichester is a Exchange Program in Chichester, England, United Kingdom. ",Minimum GPA: 3.0. Program-specific prerequisites/restrictions should be confirmed with host unit.,Review the public program page if listed; contact the host unit/faculty contact before applying.,Bryan Johnson,Approved,Exchange Program; United Kingdom; Europe; General Global / Intercultural; Interdisciplinary,Source: CRM export. Public URL: https://globalengagement.mercer.edu/global-education/exchange-programs/university-of-chichester/,EXPRCHI,2025-2026,2025-2026; 2026-2027,Study Abroad / Global Education,Bryan Johnson,3.0,,,,,,,https://globalengagement.mercer.edu/global-education/exchange-programs/university-of-chichester/,Exact Global Education exchange program menu match,General Global / Intercultural,,,,,High - CRM travel program,Active Study Abroad Programs 2025-2026.xlsx
PTP-0014,University of Essex,United Kingdom / Europe,"Colchester, England, United Kingdom",Exchange Program,Interdisciplinary,Undergraduate; Graduate/Professional where program permits,2025-2026,Not specified; confirm with program contact,Not listed in source export; confirm with Global Education/Mercer On Mission,"University of Essex is a Exchange Program in Colchester, England, United Kingdom. ",Minimum GPA: 3.0. Program-specific prerequisites/restrictions should be confirmed with host unit.,Review the public program page if listed; contact the host unit/faculty contact before applying.,Bryan Johnson,Approved,Exchange Program; United Kingdom; Europe; General Global / Intercultural; Interdisciplinary,Source: CRM export. Public URL: https://globalengagement.mercer.edu/global-education/exchange-programs/university-of-essex/,EXPRUOE,2025-2026,2025-2026; 2026-2027,Study Abroad / Global Education,Bryan Johnson,3.0,,,,,,,https://globalengagement.mercer.edu/global-education/exchange-programs/university-of-essex/,Exact Global Education exchange program menu match,General Global / Intercultural,,,,,High - CRM travel program,Active Study Abroad Programs 2025-2026.xlsx
PTP-0015,University of Nottingham,United Kingdom / Europe,"Nottingham, England, United Kingdom",Exchange Program,Interdisciplinary,Undergraduate; Graduate/Professional where program permits,2025-2026,Not specified; confirm with program contact,Not listed in source export; confirm with Global Education/Mercer On Mission,"University of Nottingham is a Exchange Program in Nottingham, England, United Kingdom. ",Minimum GPA: 3.0. Program-specific prerequisites/restrictions should be confirmed with host unit.,Review the public program page if listed; contact the host unit/faculty contact before applying.,Bryan Johnson,Approved,Exchange Program; United Kingdom; Europe; General Global / Intercultural; Interdisciplinary,Source: CRM export. Public URL: https://globalengagement.mercer.edu/global-education/exchange-programs/university-of-nottingham/,EXPRNOT,2025-2026,2025-2026; 2026-2027,Study Abroad / Global Education,Bryan Johnson,3.0,,,,,,,https://globalengagement.mercer.edu/global-education/exchange-programs/university-of-nottingham/,Exact Global Education exchange program menu match,General Global / Intercultural,,,,,High - CRM travel program,Active Study Abroad Programs 2025-2026.xlsx
PTP-0016,University of Seoul,South Korea / Asia,"Seoul, South Korea",Exchange Program,Interdisciplinary,Undergraduate; Graduate/Professional where program permits,2025-2026,Not specified; confirm with program contact,Not listed in source export; confirm with Global Education/Mercer On Mission,"University of Seoul is a Exchange Program in Seoul, South Korea. ",Minimum GPA: 3.0. Program-specific prerequisites/restrictions should be confirmed with host unit.,Review the public program page if listed; contact the host unit/faculty contact before applying.,Bryan Johnson,Approved,Exchange Program; South Korea; Asia; General Global / Intercultural; Interdisciplinary,Source: CRM export. Public URL: https://globalengagement.mercer.edu/global-education/exchange-programs/university-of-seoul/,EXPRUOS,2025-2026,2025-2026; 2026-2027,Study Abroad / Global Education,Bryan Johnson,3.0,,,,,,,https://globalengagement.mercer.edu/global-education/exchange-programs/university-of-seoul/,Exact Global Education exchange program menu match,General Global / Intercultural,,,,,High - CRM travel program,Active Study Abroad Programs 2025-2026.xlsx
PTP-0017,University of Strasbourg,France / Europe,"Strasbourg, France",Exchange Program,Interdisciplinary,Undergraduate; Graduate/Professional where program permits,2025-2026,Not specified; confirm with program contact,Not listed in source export; confirm with Global Education/Mercer On Mission,"University of Strasbourg is a Exchange Program in Strasbourg, France. ",Minimum GPA: 3.0. Program-specific prerequisites/restrictions should be confirmed with host unit.,Review the public program page if listed; contact the host unit/faculty contact before applying.,"Bryan Johnson, Emma Hayek",Approved,Exchange Program; France; Europe; General Global / Intercultural; Interdisciplinary,Source: CRM export. Public URL: https://globalengagement.mercer.edu/global-education/exchange-programs/university-of-strasbourg/,EXPRSTR,2025-2026,2025-2026,Study Abroad / Global Education,"Bryan Johnson, Emma Hayek",3.0,,,,,,,https://globalengagement.mercer.edu/global-education/exchange-programs/university-of-strasbourg/,Exact Global Education exchange program menu match,General Global / Intercultural,,,,,High - CRM travel program,Active Study Abroad Programs 2025-2026.xlsx
PTP-0018,University of Sussex,United Kingdom / Europe,"Brighton, England, United Kingdom",Exchange Program,Interdisciplinary,Undergraduate; Graduate/Professional where program permits,2025-2026,Not specified; confirm with program contact,Not listed in source export; confirm with Global Education/Mercer On Mission,"University of Sussex is a Exchange Program in Brighton, England, United Kingdom. ",Minimum GPA: 3.0. Program-specific prerequisites/restrictions should be confirmed with host unit.,Review the public program page if listed; contact the host unit/faculty contact before applying.,Bryan Johnson,Approved,Exchange Program; United Kingdom; Europe; General Global / Intercultural; Interdisciplinary,Source: CRM export. Public URL: https://globalengagement.mercer.edu/global-education/exchange-programs/university-of-sussex/,EXPRSUSX,2025-2026,2025-2026; 2026-2027,Study Abroad / Global Education,Bryan Johnson,3.0,,,,,,,https://globalengagement.mercer.edu/global-education/exchange-programs/university-of-sussex/,Exact Global Education exchange program menu match,General Global / Intercultural,,,,,High - CRM travel program,Active Study Abroad Programs 2025-2026.xlsx
PTP-0019,University of the West of Scotland,United Kingdom / Europe,"Paisley, Scotland, United Kingdom",Exchange Program,Interdisciplinary,Undergraduate; Graduate/Professional where program permits,2025-2026,Not specified; confirm with program contact,Not listed in source export; confirm with Global Education/Mercer On Mission,"University of the West of Scotland is a Exchange Program in Paisley, Scotland, United Kingdom. ",Minimum GPA: 3.0. Program-specific prerequisites/restrictions should be confirmed with host unit.,Review the public program page if listed; contact the host unit/faculty contact before applying.,Bryan Johnson,Approved,Exchange Program; United Kingdom; Europe; General Global / Intercultural; Interdisciplinary,Source: CRM export. Public URL: https://globalengagement.mercer.edu/global-education/exchange-programs/university-of-the-west-of-scotland/,EXPRUWS,2025-2026,2025-2026; 2026-2027,Study Abroad / Global Education,Bryan Johnson,3.0,,,,,,,https://globalengagement.mercer.edu/global-education/exchange-programs/university-of-the-west-of-scotland/,Exact Global Education exchange program menu match,General Global / Intercultural,,,,,High - CRM travel program,Active Study Abroad Programs 2025-2026.xlsx
PTP-0020,Yonsei University,South Korea / Asia,"Seoul, South Korea",Exchange Program,Interdisciplinary,Undergraduate; Graduate/Professional where program permits,2025-2026,Not specified; confirm with program contact,Not listed in source export; confirm with Global Education/Mercer On Mission,"Yonsei University is a Exchange Program in Seoul, South Korea. ",Minimum GPA: 3.0. Program-specific prerequisites/restrictions should be confirmed with host unit.,Review the public program page if listed; contact the host unit/faculty contact before applying.,Bryan Johnson,Approved,Exchange Program; South Korea; Asia; General Global / Intercultural; Interdisciplinary,Source: CRM export. Public URL: https://globalengagement.mercer.edu/global-education/exchange-programs/yonsei-university/,EXPRYON,2025-2026,2025-2026; 2026-2027,Study Abroad / Global Education,Bryan Johnson,3.0,,,,,,,https://globalengagement.mercer.edu/global-education/exchange-programs/yonsei-university/,Exact Global Education exchange program menu match,General Global / Intercultural,,,,,High - CRM travel program,Active Study Abroad Programs 2025-2026.xlsx
PTP-0021,December in Vietnam,Vietnam / Asia,"Dong Thap, Vietnam; Ho Chi Minch City, Vietnam",Faculty-Led Program,Health Professions; Public Health; Psychology,Undergraduate; Graduate/Professional where program permits,2025-2026,Not specified; confirm with program contact,Not listed in source export; confirm with Global Education/Mercer On Mission,"December in Vietnam is a Faculty-Led Program in Dong Thap, Vietnam; Ho Chi Minch City, Vietnam. Associated course(s): PT 747: Physical Therapy Elective: Vietnam Service-Learning. ",Minimum GPA: 2.5. Program-specific prerequisites/restrictions should be confirmed with host unit.,Review the public program page if listed; contact the host unit/faculty contact before applying.,"Deborah Wendland, Tambre Phillips",Approved,Faculty-Led Program; Vietnam; Asia; Global Health; Global Education; Service / International Development; Health Professions; Public Health; Psychology,Source: CRM export. Public URL: https://globalengagement.mercer.edu/global-education/facultyledprograms/december-in-vietnam/,FLPRVNM,2025-2026,2025-2026,Study Abroad / Global Education,"Deborah Wendland, Tambre Phillips",2.5,PT 747 Physical Therapy Elective: Vietnam Service-Learning (1 credits),PT 747,Physical Therapy Elective: Vietnam Service-Learning,1 credits,,,https://globalengagement.mercer.edu/global-education/facultyledprograms/december-in-vietnam/,Exact Global Education faculty-led public program menu match,Global Health; Global Education; Service / International Development,,,,,High - CRM travel program,Active Study Abroad Programs 2025-2026.xlsx
PTP-0022,Globalization and Engagement in Guatemala,Guatemala / Unmapped,"Antigua, Guatemala",Faculty-Led Program,Humanities; Languages; Culture,Undergraduate; Graduate/Professional where program permits,2025-2026,Not specified; confirm with program contact,Not listed in source export; confirm with Global Education/Mercer On Mission,"Globalization and Engagement in Guatemala is a Faculty-Led Program in Antigua, Guatemala. Associated course(s): GLEN 225: Languages in Contact; GLEN 235: Globalization and Social Change; GLEN 301: Global Liberal Studies Practicum; GLEN/HUMA 245: Interpreting Narratives Across Cultures and Around the World. ",Minimum GPA: 2.5. Program-specific prerequisites/restrictions should be confirmed with host unit.,Review the public program page if listed; contact the host unit/faculty contact before applying.,"Jason Holloway, Fred Bongiovanni, Timothy Craker, Hollis Phelps",Approved,Faculty-Led Program; Guatemala; Unmapped; Global Education; Global Technology / Engineering; Language / Culture; Global Education; Global Technology / Engineering; Humanities; Languages; Culture,Source: CRM export. Public URL: https://globalengagement.mercer.edu/global-education/facultyledprograms/globalization-and-engagement-in-guatemala/,FLPRGUA,2025-2026,2025-2026,Study Abroad / Global Education,"Jason Holloway, Fred Bongiovanni, Timothy Craker, Hollis Phelps",2.5,"GLEN 225 Languages in Contact (3 credits)
GLEN 235 Globalization and Social Change (3 credits)
GLEN 301 Global Liberal Studies Practicum (3 credits)
GLEN/HUMA 245 Interpreting Narratives Across Cultures and Around the World (3 credits)",GLEN 225; GLEN 235; GLEN 301; GLEN/HUMA 245,Languages in Contact; Globalization and Social Change; Global Liberal Studies Practicum; Interpreting Narratives Across Cultures and Around the World,3 credits,Globalization And Engagement,College of Professional Advancement,https://globalengagement.mercer.edu/global-education/facultyledprograms/globalization-and-engagement-in-guatemala/,Exact Global Education faculty-led public program menu match,Global Education; Global Technology / Engineering; Language / Culture; Global Education; Global Technology / Engineering,,,,,High - CRM travel program,Active Study Abroad Programs 2025-2026.xlsx
PTP-0023,Internship: Georgia MOM Extension,Georgia / Unmapped,"Tiblisi, Georgia",Faculty-Led Program,Engineering; Computer Science; Technology,Undergraduate; Graduate/Professional where program permits,2025-2026,Not specified; confirm with program contact,Not listed in source export; confirm with Global Education/Mercer On Mission,"Internship: Georgia MOM Extension is a Faculty-Led Program in Tiblisi, Georgia. Associated course(s): POL 490: Internship Program. Catalog context: POL 490: Prerequisite: permission of department chair or internship coordinator. Internships pursued through the department of Political Science require a student under departmental supervision to perform work in one of the following areas—politics (such as campaigns), government (at the local, state, or national levels), law, non-profits, and/or internatio",Minimum GPA: 2.5. Program-specific prerequisites/restrictions should be confirmed with host unit.,Review the public program page if listed; contact the host unit/faculty contact before applying.,Chris Grant,Approved,Faculty-Led Program; Georgia; Unmapped; Global Education; Global Technology / Engineering; Global Justice / Goverce; Religion / Society; Engineering; Computer Science; Technology,Source: CRM export. Public URL: nan,FLPRGEO,2025-2026,2025-2026,Study Abroad / Global Education,Chris Grant,2.5,POL 490 Internship Program (3 credits),POL 490,Internship Program,3 credits,,,,No Global Education public program page match found,Global Education; Global Technology / Engineering; Global Justice / Governance; Religion / Society,"POL 490: Prerequisite: permission of department chair or internship coordinator. Internships pursued through the department of Political Science require a student under departmental supervision to perform work in one of the following areas—politics (such as campaigns), government (at the local, state, or national levels), law, non-profits, and/or internatio",POL 490: permission of department chair or internship coordinator.,,MaconCatalog25_26.docx paragraph 7733,High - CRM travel program,Active Study Abroad Programs 2025-2026.xlsx
PTP-0024,Kenya: International Clinical Education - Physician Assistant Program,Kenya / Unmapped,Kenya,Faculty-Led Program,Education,Undergraduate; Graduate/Professional where program permits,2025-2026,Not specified; confirm with program contact,Not listed in source export; confirm with Global Education/Mercer On Mission,Kenya: International Clinical Education - Physician Assistant Program is a Faculty-Led Program in Kenya. Associated course(s): PA 611: Elective I. ,Minimum GPA: nan. Program-specific prerequisites/restrictions should be confirmed with host unit.,Review the public program page if listed; contact the host unit/faculty contact before applying.,Jonathan Hill,Approved,Faculty-Led Program; Kenya; Unmapped; Global Health; Global Education; Education,Source: CRM export. Public URL: nan,TRPRPHYASSKEN,2025-2026,2025-2026,Study Abroad / Global Education,Jonathan Hill,,PA 611 Elective I (5 credits),PA 611,Elective I,5 credits,,,,No Global Education public program page match found,Global Health; Global Education,,,,,High - CRM travel program,Active Study Abroad Programs 2025-2026.xlsx
PTP-0025,Mercer Law Oxford Scholars Program,United Kingdom / Europe,"Oxford, England, United Kingdom",Faculty-Led Program,Political Science; Law; Justice Studies,Undergraduate; Graduate/Professional where program permits,2025-2026,Not specified; confirm with program contact,Not listed in source export; confirm with Global Education/Mercer On Mission,"Mercer Law Oxford Scholars Program is a Faculty-Led Program in Oxford, England, United Kingdom. Associated course(s): nan: LAW 1013 Oxford Human Rights Program. ",Minimum GPA: 2.5. Program-specific prerequisites/restrictions should be confirmed with host unit.,Review the public program page if listed; contact the host unit/faculty contact before applying.,Sarah Gerwig-Moore,Approved,Faculty-Led Program; United Kingdom; Europe; Global Education; Global Justice / Goverce; Political Science; Law; Justice Studies,Source: CRM export. Public URL: nan,FLPROXF,2025-2026,2025-2026,Study Abroad / Global Education,Sarah Gerwig-Moore,2.5,LAW 1013 Oxford Human Rights Program (3 credits),,LAW 1013 Oxford Human Rights Program,3 credits,,,,No Global Education public program page match found,Global Education; Global Justice / Governance,,,,,High - CRM travel program,Active Study Abroad Programs 2025-2026.xlsx
PTP-0026,Philosophy and Art in Greece,Greece / Europe,"Ancient Corinth, Greece; Athens, Greece",Faculty-Led Program,Humanities; Languages; Culture,Undergraduate; Graduate/Professional where program permits,2025-2026,Not specified; confirm with program contact,Not listed in source export; confirm with Global Education/Mercer On Mission,"Philosophy and Art in Greece is a Faculty-Led Program in Ancient Corinth, Greece; Athens, Greece. Associated course(s): ART 115: Drawing Fundamentals; INT 301: Engaging the World: Repatriation at the Acropolis; PHI 269: Human Nature and Art in Athens. Catalog context: ART 115: An introductory course with emphasis on basic drawing skills and idea development. Composition, perspective, line, value, and drawing technique will be explored through the use of a variety of drawing media. Lab fee. (Every semester) INT 301: Prerequisite: INT 201 or GBK 202. Students will examine the interconnectedness of global society and explore and develop responses to contemporary global challenges. They will develop a deeper understanding of their own perspectives on global issues by engaging a diverse range of international voices. Fulfills the Oral Communication requirement. In",Minimum GPA: 2.5. Program-specific prerequisites/restrictions should be confirmed with host unit.,Review the public program page if listed; contact the host unit/faculty contact before applying.,"Emily Dunn, Charlotte Thomas, Laura Bell",Approved,Faculty-Led Program; Greece; Europe; Global Education; Service / International Development; Global Education; Religion / Society; Global Education; Humanities; Languages; Culture,Source: CRM export. Public URL: https://globalengagement.mercer.edu/global-education/facultyledprograms/philosophy-and-art-in-greece/,FLPRGRSU,2025-2026,2025-2026,Study Abroad / Global Education,"Emily Dunn, Charlotte Thomas, Laura Bell",2.5,"ART 115 Drawing Fundamentals (3 credits)
INT 301 Engaging the World: Repatriation at the Acropolis (3 credits)
PHI 269 Human Nature and Art in Athens (3 credits)",ART 115; INT 301; PHI 269,Drawing Fundamentals; Engaging the World: Repatriation at the Acropolis; Human Nature and Art in Athens,3 credits,,,https://globalengagement.mercer.edu/global-education/facultyledprograms/philosophy-and-art-in-greece/,Exact Global Education faculty-led public program menu match,Global Education; Service / International Development; Global Education; Religion / Society; Global Education,"ART 115: An introductory course with emphasis on basic drawing skills and idea development. Composition, perspective, line, value, and drawing technique will be explored through the use of a variety of drawing media. Lab fee. (Every semester) | INT 301: Prerequisite: INT 201 or GBK 202. Students will examine the interconnectedness of global society and explore and develop responses to contemporary global challenges. They will develop a deeper understanding of their own perspectives on global issues by engaging a diverse range of international voices. Fulfills the Oral Communication requirement. In | PHI 269: This summer course is a study of the changing notions of the human condition in the Western tradition as discerned in great works of visual art and architecture studied in situ. Students in the course experience directly the works of art and architecture in question, since the course is only taught as a part of a study-abroad program. May be repeat",INT 301: INT 201 or GBK 202.,ART 115: Every semester | INT 301: Every semester | PHI 269: Occasionally,MaconCatalog25_26.docx paragraph 3115; MaconCatalog25_26.docx paragraph 5623; MaconCatalog25_26.docx paragraph 7241,High - CRM travel program,Active Study Abroad Programs 2025-2026.xlsx
PTP-0027,Spring Break in Belize,Belize / Central America/Caribbean,"San Pedro, Belize",Faculty-Led Program,Interdisciplinary,Undergraduate; Graduate/Professional where program permits,2025-2026,Not specified; confirm with program contact,Not listed in source export; confirm with Global Education/Mercer On Mission,"Spring Break in Belize is a Faculty-Led Program in San Pedro, Belize. Associated course(s): BIO 315: Field Studies in Biology. Catalog context: BIO 315: Prerequisites: grades of C or better in BIO 172 and in CHM 112; and consent of instructor; BIO 260 strongly recommended The biological study of a given region through travel, fieldwork, reading, and lecture, with an emphasis on ecology and organismal biology. Specific topics will reflect the instructor’s expertise and the characteristics of the reg",Minimum GPA: 2.5. Program-specific prerequisites/restrictions should be confirmed with host unit.,Review the public program page if listed; contact the host unit/faculty contact before applying.,"Troy Nash, Craig Byron",Approved,Faculty-Led Program; Belize; Central America/Caribbean; Global Education; Global Technology / Engineering; Sustainability / Environment; Interdisciplinary,Source: CRM export. Public URL: https://globalengagement.mercer.edu/global-education/facultyledprograms/spring-break-in-belize/,FLPRBLZ,2025-2026,2025-2026,Study Abroad / Global Education,"Troy Nash, Craig Byron",2.5,BIO 315 Field Studies in Biology (3 credits),BIO 315,Field Studies in Biology,3 credits,,,https://globalengagement.mercer.edu/global-education/facultyledprograms/spring-break-in-belize/,Exact Global Education faculty-led public program menu match,Global Education; Global Technology / Engineering; Sustainability / Environment,"BIO 315: Prerequisites: grades of C or better in BIO 172 and in CHM 112; and consent of instructor; BIO 260 strongly recommended The biological study of a given region through travel, fieldwork, reading, and lecture, with an emphasis on ecology and organismal biology. Specific topics will reflect the instructor’s expertise and the characteristics of the reg","BIO 315: grades of C or better in BIO 172 and in CHM 112; and consent of instructor; BIO 260 strongly recommended The biological study of a given region through travel, fieldwork, reading, and lecture, with an emphasis on ecology and organismal biology.",BIO 315: Occasionally,MaconCatalog25_26.docx paragraph 3500,High - CRM travel program,Active Study Abroad Programs 2025-2026.xlsx
PTP-0028,Spring Break in Central Europe,Czech Republic; Germany; Poland / Europe,"Prague, Czech Republic; Berlin, Germany; Krakow, Poland",Faculty-Led Program,Interdisciplinary,Undergraduate; Graduate/Professional where program permits,2025-2026,Not specified; confirm with program contact,Not listed in source export; confirm with Global Education/Mercer On Mission,"Spring Break in Central Europe is a Faculty-Led Program in Prague, Czech Republic; Berlin, Germany; Krakow, Poland. Associated course(s): WCL 195: World Cultural Studies in English. ",Minimum GPA: 2.5. Program-specific prerequisites/restrictions should be confirmed with host unit.,Review the public program page if listed; contact the host unit/faculty contact before applying.,"Emily Dunn, Achim Kopp, Jorge Palacios",Approved,Faculty-Led Program; Czech Republic; Germany; Poland; Europe; Global Education; Interdisciplinary,Source: CRM export. Public URL: https://globalengagement.mercer.edu/global-education/facultyledprograms/spring-break-in-central-europe/,FLPRCEN,2025-2026,2025-2026,Study Abroad / Global Education,"Emily Dunn, Achim Kopp, Jorge Palacios",2.5,WCL 195 World Cultural Studies in English (1 credits),WCL 195,World Cultural Studies in English,1 credits,,,https://globalengagement.mercer.edu/global-education/facultyledprograms/spring-break-in-central-europe/,Exact Global Education faculty-led public program menu match,Global Education,,,,,High - CRM travel program,Active Study Abroad Programs 2025-2026.xlsx
PTP-0029,Spring Break in Chile - BUS,Chile / South America,"Santiago, Chile; Vina del Mar, Chile",Faculty-Led Program,Business; Economics,Undergraduate; Graduate/Professional where program permits,2025-2026,Not specified; confirm with program contact,Not listed in source export; confirm with Global Education/Mercer On Mission,"Spring Break in Chile - BUS is a Faculty-Led Program in Santiago, Chile; Vina del Mar, Chile. Associated course(s): BUS 413: Business Studies Abroad; BUS 620: Business Studies Abroad. Catalog context: BUS 413: Prerequisites: ECN 341, FIN 451, and MGT/MKT 372; or consent of the instructor. Travel to a foreign country is required. This involves visitation to corporations, factories, banks, and government organizations. Students are given a reading list and a basic book on international business as early as three months in advance of the trip and are requir BUS 620: This course involves travel to a foreign country or countries in order to interview and consult with business managers, labor leaders, academics, and public officials. It includes lectures, discussions, and facilities tours, and analysis of the role and impact of cultural, economic, social, political and legal influences on management philosophy an",Minimum GPA: 2.5. Program-specific prerequisites/restrictions should be confirmed with host unit.,Review the public program page if listed; contact the host unit/faculty contact before applying.,"Julie Petherbridge, John Gordon",Approved,Faculty-Led Program; Chile; South America; International Business / Economics; Global Education; Global Technology / Engineering; International Business / Economics; Global Education; Global Technology / Engineering; Global Justice / Goverce; Business; Economics,Source: CRM export. Public URL: https://globalengagement.mercer.edu/global-education/facultyledprograms/spring-break-in-chile-bus/,FLPRCHLBUS,2025-2026,2025-2026,Study Abroad / Global Education,"Julie Petherbridge, John Gordon",2.5,"BUS 413 Business Studies Abroad (3 credits)
BUS 620 Business Studies Abroad (3 credits)",BUS 413; BUS 620,Business Studies Abroad,3 credits,,,https://globalengagement.mercer.edu/global-education/facultyledprograms/spring-break-in-chile-bus/,Exact Global Education faculty-led public program menu match,International Business / Economics; Global Education; Global Technology / Engineering; International Business / Economics; Global Education; Global Technology / Engineering; Global Justice / Governance,"BUS 413: Prerequisites: ECN 341, FIN 451, and MGT/MKT 372; or consent of the instructor. Travel to a foreign country is required. This involves visitation to corporations, factories, banks, and government organizations. Students are given a reading list and a basic book on international business as early as three months in advance of the trip and are requir | BUS 620: This course involves travel to a foreign country or countries in order to interview and consult with business managers, labor leaders, academics, and public officials. It includes lectures, discussions, and facilities tours, and analysis of the role and impact of cultural, economic, social, political and legal influences on management philosophy an","BUS 413: ECN 341, FIN 451, and MGT/MKT 372; or consent of the instructor.",BUS 413: Summer,MaconCatalog25_26.docx paragraph 9611; MaconCatalog25_26.docx paragraph 17762,High - CRM travel program,Active Study Abroad Programs 2025-2026.xlsx
PTP-0030,Spring Break in Chile - EGR,Chile / South America,"Santiago, Chile; Viña del Mar, Chile",Faculty-Led Program,Business; Economics,Undergraduate; Graduate/Professional where program permits,2025-2026,Not specified; confirm with program contact,Not listed in source export; confirm with Global Education/Mercer On Mission,"Spring Break in Chile - EGR is a Faculty-Led Program in Santiago, Chile; Viña del Mar, Chile. Associated course(s): BUS 413: Business Studies Abroad; BUS 620: Business Studies Abroad; EGR 491: Dynamics of Machinery. Catalog context: BUS 413: Prerequisites: ECN 341, FIN 451, and MGT/MKT 372; or consent of the instructor. Travel to a foreign country is required. This involves visitation to corporations, factories, banks, and government organizations. Students are given a reading list and a basic book on international business as early as three months in advance of the trip and are requir BUS 620: This course involves travel to a foreign country or countries in order to interview and consult with business managers, labor leaders, academics, and public officials. It includes lectures, discussions, and facilities tours, and analysis of the role and impact of cultural, economic, social, political and legal influences on management philosophy an",Minimum GPA: 2.5. Program-specific prerequisites/restrictions should be confirmed with host unit.,Review the public program page if listed; contact the host unit/faculty contact before applying.,Alireza Sarvestani,Approved,Faculty-Led Program; Chile; South America; International Business / Economics; Global Education; Global Technology / Engineering; International Business / Economics; Global Education; Global Technology / Engineering; Global Justice / Goverce; Global Education; Business; Economics,Source: CRM export. Public URL: https://globalengagement.mercer.edu/global-education/facultyledprograms/spring-break-in-chile-egr/,FLPRCHLEGR,2025-2026,2025-2026,Study Abroad / Global Education,Alireza Sarvestani,2.5,"BUS 413 Business Studies Abroad (3 credits)
BUS 620 Business Studies Abroad (3 credits)
EGR 491 Dynamics of Machinery (3 credits)",BUS 413; BUS 620; EGR 491,Business Studies Abroad; Dynamics of Machinery,3 credits,,,https://globalengagement.mercer.edu/global-education/facultyledprograms/spring-break-in-chile-egr/,Exact Global Education faculty-led public program menu match,International Business / Economics; Global Education; Global Technology / Engineering; International Business / Economics; Global Education; Global Technology / Engineering; Global Justice / Governance; Global Education,"BUS 413: Prerequisites: ECN 341, FIN 451, and MGT/MKT 372; or consent of the instructor. Travel to a foreign country is required. This involves visitation to corporations, factories, banks, and government organizations. Students are given a reading list and a basic book on international business as early as three months in advance of the trip and are requir | BUS 620: This course involves travel to a foreign country or countries in order to interview and consult with business managers, labor leaders, academics, and public officials. It includes lectures, discussions, and facilities tours, and analysis of the role and impact of cultural, economic, social, political and legal influences on management philosophy an","BUS 413: ECN 341, FIN 451, and MGT/MKT 372; or consent of the instructor.",BUS 413: Summer,MaconCatalog25_26.docx paragraph 9611; MaconCatalog25_26.docx paragraph 17762,High - CRM travel program,Active Study Abroad Programs 2025-2026.xlsx
PTP-0031,Spring Break in Costa Rica,Costa Rica / Central America/Caribbean,"Cartago, Costa Rica; La Fortuna, Costa Rica; Manuel Antonio, Costa Rica",Faculty-Led Program,Engineering; Computer Science; Technology,Undergraduate; Graduate/Professional where program permits,2025-2026,Not specified; confirm with program contact,Not listed in source export; confirm with Global Education/Mercer On Mission,"Spring Break in Costa Rica is a Faculty-Led Program in Cartago, Costa Rica; La Fortuna, Costa Rica; Manuel Antonio, Costa Rica. Associated course(s): INT 101: Understanding Self and Other. Catalog context: INT 101: Students will examine representations of the self and its relationship to others as imagined within the four domains of natural science, social science, humanities, and the arts. Students will explore and reflect on conceptions of selfhood, their relationships with others, the moral and ethical values that guide them, and the influences that shape ",Minimum GPA: 2.5. Program-specific prerequisites/restrictions should be confirmed with host unit.,Review the public program page if listed; contact the host unit/faculty contact before applying.,"Laura Bell, Emily Dunn",Approved,Faculty-Led Program; Costa Rica; Central America/Caribbean; Global Education; Global Technology / Engineering; Engineering; Computer Science; Technology,Source: CRM export. Public URL: https://globalengagement.mercer.edu/global-education/facultyledprograms/spring-break-in-costa-rica/,FLPRCR,2025-2026,2025-2026,Study Abroad / Global Education,"Laura Bell, Emily Dunn",2.5,INT 101 Understanding Self and Other (4 credits),INT 101,Understanding Self and Other,4 credits,,,https://globalengagement.mercer.edu/global-education/facultyledprograms/spring-break-in-costa-rica/,Exact Global Education faculty-led public program menu match,Global Education; Global Technology / Engineering,"INT 101: Students will examine representations of the self and its relationship to others as imagined within the four domains of natural science, social science, humanities, and the arts. Students will explore and reflect on conceptions of selfhood, their relationships with others, the moral and ethical values that guide them, and the influences that shape ",,INT 101: Every semester,MaconCatalog25_26.docx paragraph 5618,High - CRM travel program,Active Study Abroad Programs 2025-2026.xlsx
PTP-0032,Spring Break in Italy,Italy / Europe,"Naples, Italy; Palermo, Italy; Rome, Italy",Faculty-Led Program,Health Professions; Public Health; Psychology,Undergraduate; Graduate/Professional where program permits,2025-2026,Not specified; confirm with program contact,Not listed in source export; confirm with Global Education/Mercer On Mission,"Spring Break in Italy is a Faculty-Led Program in Naples, Italy; Palermo, Italy; Rome, Italy. Associated course(s): CSC 285: Topics in Computer Science ""Finding Fibonacci""; CYS 298: Cybersecurity, Surveillance, and Everyday Technology in Italy; PSY 275: Cross Cultural Psychology; CSC 285: Topics in Computer Science ""Finding Fibonacci""; CYS 298: Cybersecurity, Surveillance, and Everyday Technology in Italy. Catalog context: CSC 285: Prerequisite: consent of instructor. Students must engage in projects or assignments requiring at least one contact hour, or equivalent, per week for every hour of credit. May be repeated with different topics. Lab fee. (Occasionally) PSY 275: (Same as ANT 275) Prerequisite: PSY 101. An introduction to the perspectives, methods, and controversies in studying human psychology across cultures. Explores the dimensions along which cultures vary and examines specific differences and similarities between cultures in areas such as identity, social relations, child-rearing, and mental disorders.",Minimum GPA: 2.5. Program-specific prerequisites/restrictions should be confirmed with host unit.,Review the public program page if listed; contact the host unit/faculty contact before applying.,"Tanya Sharon, Robert Allen, Christina Petruso, Johnathan Yerby",Approved,Faculty-Led Program; Italy; Europe; Global Education; Global Technology / Engineering; Global Education; Global Technology / Engineering; Global Justice / Goverce; Global Education; Language / Culture; Health Professions; Public Health; Psychology,Source: CRM export. Public URL: https://globalengagement.mercer.edu/global-education/facultyledprograms/spring-break-in-italy/,FLPRITA,2025-2026,2025-2026; 2026-2027,Study Abroad / Global Education,"Tanya Sharon, Robert Allen, Christina Petruso, Johnathan Yerby",2.5,"CSC 285 Topics in Computer Science ""Finding Fibonacci"" (1 credits)
CYS 298 Cybersecurity, Surveillance, and Everyday Technology in Italy (1 credits)
PSY 275 Cross Cultural Psychology (3 credits)",CSC 285; CYS 298; PSY 275,"Topics in Computer Science ""Finding Fibonacci""; Cybersecurity, Surveillance, and Everyday Technology in Italy; Cross Cultural Psychology",1 credits; 3 credits,,,https://globalengagement.mercer.edu/global-education/facultyledprograms/spring-break-in-italy/,Exact Global Education faculty-led public program menu match,Global Education; Global Technology / Engineering; Global Education; Global Technology / Engineering; Global Justice / Governance; Global Education; Language / Culture,"CSC 285: Prerequisite: consent of instructor. Students must engage in projects or assignments requiring at least one contact hour, or equivalent, per week for every hour of credit. May be repeated with different topics. Lab fee. (Occasionally) | PSY 275: (Same as ANT 275) Prerequisite: PSY 101. An introduction to the perspectives, methods, and controversies in studying human psychology across cultures. Explores the dimensions along which cultures vary and examines specific differences and similarities between cultures in areas such as identity, social relations, child-rearing, and mental disorders. | CSC 285: Prerequisite: consent of instructor. Students must engage in projects or assignments requiring at least one contact hour, or equivalent, per week for every hour of credit. May be repeated with different topics. Lab fee. (Occasionally) | PSY 275: (Same as ANT 275) Prerequisite: PSY 101. An introduction to the perspectives, methods, and controversies in studying human psychology across cultures. Explores the dimensions along which cultures vary and examines specific differences and similarities between cultures in areas such as identity, social relations, child-rearing, and mental disorders.",CSC 285: consent of instructor. | PSY 275: PSY 101. | CSC 285: consent of instructor. | PSY 275: PSY 101.,CSC 285: Occasionally | PSY 275: Every year | CSC 285: Occasionally | PSY 275: Every year,MaconCatalog25_26.docx paragraph 4117; MaconCatalog25_26.docx paragraph 7971,High - CRM travel program,Active Study Abroad Programs 2025-2026.xlsx
PTP-0033,Spring Break in Jordan,Jordan / Middle East/North Africa,"Amman, Jordan",Faculty-Led Program,Business; Economics,Undergraduate; Graduate/Professional where program permits,2025-2026,Not specified; confirm with program contact,Not listed in source export; confirm with Global Education/Mercer On Mission,"Spring Break in Jordan is a Faculty-Led Program in Amman, Jordan. Associated course(s): BUS 413: Business Studies Abroad; BUS 620: Business Studies Abroad; ETM 595: Studies Abroad; ISE 495: Studies Abroad. Catalog context: BUS 413: Prerequisites: ECN 341, FIN 451, and MGT/MKT 372; or consent of the instructor. Travel to a foreign country is required. This involves visitation to corporations, factories, banks, and government organizations. Students are given a reading list and a basic book on international business as early as three months in advance of the trip and are requir BUS 620: This course involves travel to a foreign country or countries in order to interview and consult with business managers, labor leaders, academics, and public officials. It includes lectures, discussions, and facilities tours, and analysis of the role and impact of cultural, economic, social, political and legal influences on management philosophy an",Minimum GPA: 2.5. Program-specific prerequisites/restrictions should be confirmed with host unit.,Review the public program page if listed; contact the host unit/faculty contact before applying.,"John Gordon, Amro Khasawneh",Approved,Faculty-Led Program; Jordan; Middle East/North Africa; International Business / Economics; Global Education; Global Technology / Engineering; International Business / Economics; Global Education; Global Technology / Engineering; Global Justice / Goverce; International Business / Economics; Global Education; Global Technology / Engineering; Religion / Society; Global Education; Business; Economics,Source: CRM export. Public URL: https://globalengagement.mercer.edu/global-education/facultyledprograms/spring-break-in-jordan/,FLPRJOR,2025-2026,2025-2026,Study Abroad / Global Education,"John Gordon, Amro Khasawneh",2.5,"BUS 413 Business Studies Abroad (3 credits)
BUS 620 Business Studies Abroad (3 credits)
ETM 595 Studies Abroad (3 credits)
ISE 495 Studies Abroad (3 credits)",BUS 413; BUS 620; ETM 595; ISE 495,Business Studies Abroad; Studies Abroad,3 credits,,,https://globalengagement.mercer.edu/global-education/facultyledprograms/spring-break-in-jordan/,Exact Global Education faculty-led public program menu match,International Business / Economics; Global Education; Global Technology / Engineering; International Business / Economics; Global Education; Global Technology / Engineering; Global Justice / Governance; International Business / Economics; Global Education; Global Technology / Engineering; Religion / Society; Global Education,"BUS 413: Prerequisites: ECN 341, FIN 451, and MGT/MKT 372; or consent of the instructor. Travel to a foreign country is required. This involves visitation to corporations, factories, banks, and government organizations. Students are given a reading list and a basic book on international business as early as three months in advance of the trip and are requir | BUS 620: This course involves travel to a foreign country or countries in order to interview and consult with business managers, labor leaders, academics, and public officials. It includes lectures, discussions, and facilities tours, and analysis of the role and impact of cultural, economic, social, political and legal influences on management philosophy an | ETM 595: Prerequisite: Consent of instructor. Study of an advanced topic in Engineering Management not normally offered through regularly scheduled courses in either a study abroad or Mercer on Mission Setting. May be repeated with different topics. (Occasionally)","BUS 413: ECN 341, FIN 451, and MGT/MKT 372; or consent of the instructor. | ETM 595: Consent of instructor.",BUS 413: Summer | ETM 595: Occasionally,MaconCatalog25_26.docx paragraph 9611; MaconCatalog25_26.docx paragraph 17762; MaconCatalog25_26.docx paragraph 18594,High - CRM travel program,Active Study Abroad Programs 2025-2026.xlsx
PTP-0034,Spring Break in London,United Kingdom / Europe,"London, England, United Kingdom",Faculty-Led Program,Health Professions; Public Health; Psychology,Undergraduate; Graduate/Professional where program permits,2025-2026,Not specified; confirm with program contact,Not listed in source export; confirm with Global Education/Mercer On Mission,"Spring Break in London is a Faculty-Led Program in London, England, United Kingdom. Associated course(s): CRJS/CRJ 390: Leadership and Justice in a Global Community; LBST 303: Issues of Justice in a Global Community: How Global Conflict Affects a Nation; PSLD 625: Leadership and Justice in a Global Community; PSYC 390: Blitz, Behavior, and Belonging: A Social Psychology Study Abroad in London. Catalog context: CRJS/CRJ 390: Prerequisite: CRJ 160 or consent of instructor. This course examines a significant topic in criminal justice that is not available through other departmental course offerings. May be repeated with different topics.  (Occasionally)",Minimum GPA: 2.5. Program-specific prerequisites/restrictions should be confirmed with host unit.,Review the public program page if listed; contact the host unit/faculty contact before applying.,"Stephen Ruegger, Cameron Miller",Approved,Faculty-Led Program; United Kingdom; Europe; Global Education; Global Technology / Engineering; Global Justice / Goverce; Service / International Development; Global Education; Global Justice / Goverce; Service / International Development; Global Education; Health Professions; Public Health; Psychology,Source: CRM export. Public URL: https://globalengagement.mercer.edu/global-education/facultyledprograms/spring-break-in-london/,FLPRENG,2025-2026,2025-2026,Study Abroad / Global Education,"Stephen Ruegger, Cameron Miller",2.5,"CRJS/CRJ 390 Leadership and Justice in a Global Community (3 credits)
LBST 303 Issues of Justice in a Global Community: How Global Conflict Affects a Nation (3 credits)
PSLD 625 Leadership and Justice in a Global Community (3 credits)
PSYC 390 Blitz, Behavior, and Belonging: A Social Psychology Study Abroad in London (3 credits)",CRJS/CRJ 390; LBST 303; PSLD 625; PSYC 390,"Leadership and Justice in a Global Community; Issues of Justice in a Global Community: How Global Conflict Affects a Nation; Blitz, Behavior, and Belonging: A Social Psychology Study Abroad in London",3 credits,,,https://globalengagement.mercer.edu/global-education/facultyledprograms/spring-break-in-london/,Exact Global Education faculty-led public program menu match,Global Education; Global Technology / Engineering; Global Justice / Governance; Service / International Development; Global Education; Global Justice / Governance; Service / International Development; Global Education,CRJS/CRJ 390: Prerequisite: CRJ 160 or consent of instructor. This course examines a significant topic in criminal justice that is not available through other departmental course offerings. May be repeated with different topics.  (Occasionally),CRJS/CRJ 390: CRJ 160 or consent of instructor.,CRJS/CRJ 390: Occasionally,MaconCatalog25_26.docx paragraph 4359,High - CRM travel program,Active Study Abroad Programs 2025-2026.xlsx
PTP-0035,Spring Break in Morocco,Morocco / Africa,"Marrakech, Morocco",Faculty-Led Program,Health Professions; Public Health; Psychology,Undergraduate; Graduate/Professional where program permits,2025-2026,Not specified; confirm with program contact,Not listed in source export; confirm with Global Education/Mercer On Mission,"Spring Break in Morocco is a Faculty-Led Program in Marrakech, Morocco. Associated course(s): IGS 395: Health Interventions in Marrakech. Catalog context: IGS 395: (Subtitle) Prerequisite: Instructor’s permission Study of an advanced topic not normally offered through regularly scheduled courses in a study abroad setting. May be repeated with different topics. (Occasionally)",Minimum GPA: 2.5. Program-specific prerequisites/restrictions should be confirmed with host unit.,Review the public program page if listed; contact the host unit/faculty contact before applying.,Chinekwu Obidoa,Approved,Faculty-Led Program; Morocco; Africa; Global Health; Global Education; Religion / Society; Health Professions; Public Health; Psychology,Source: CRM export. Public URL: nan,FLPRMAR,2025-2026,2025-2026,Study Abroad / Global Education,Chinekwu Obidoa,2.5,IGS 395 Health Interventions in Marrakech (1 credits),IGS 395,Health Interventions in Marrakech,1 credits,,,,No Global Education public program page match found,Global Health; Global Education; Religion / Society,IGS 395: (Subtitle) Prerequisite: Instructor’s permission Study of an advanced topic not normally offered through regularly scheduled courses in a study abroad setting. May be repeated with different topics. (Occasionally),IGS 395: Instructor’s permission Study of an advanced topic not normally offered through regularly scheduled courses in a study abroad setting.,IGS 395: Occasionally,MaconCatalog25_26.docx paragraph 5793,High - CRM travel program,Active Study Abroad Programs 2025-2026.xlsx
PTP-0036,Spring Break in South Africa,South Africa / Africa,"Cape Town, South Africa",Faculty-Led Program,Education,Undergraduate; Graduate/Professional where program permits,2025-2026,Not specified; confirm with program contact,Not listed in source export; confirm with Global Education/Mercer On Mission,"Spring Break in South Africa is a Faculty-Led Program in Cape Town, South Africa. Associated course(s): CSL 210: International Service Learning: Introduction to App Development; CSL 210: International Service Learning: Teaching AI in South Africa; ECE 592/SSE 592: Special Topics: Advanced App Development for International Service Learning; nan: ECE/SSE/CYS 595 Global Learning: Teaching AI in South Africa III; EGR 292: Special Topics: Introduction to App Development for International Service Learning. Catalog context: CSL 210: Designed for Mercer On Mission or other international service-learning experiences.  The course will provide an introduction to the country where the service is being conducted, explore the topic of intercultural engagement, and introduce the principles of effective service-learning. May be repeated for different international experiences. (Occasio CSL 210: Designed for Mercer On Mission or other international service-learning experiences.  The course will provide an introduction to the country where the service is being conducted, explore the topic of intercultural engagement, and introduce the principles of effective service-learning. May be repeated for different international experiences. (Occasio",Minimum GPA: 2.5. Program-specific prerequisites/restrictions should be confirmed with host unit.,Review the public program page if listed; contact the host unit/faculty contact before applying.,"Donald Ekong, Sabrina Walthall, Stephen Hill",Approved,Faculty-Led Program; South Africa; Africa; Global Education; Global Technology / Engineering; Religion / Society; Language / Culture; Service / International Development; Global Education; Global Technology / Engineering; Service / International Development; Global Education; Global Technology / Engineering; Education,Source: CRM export. Public URL: https://globalengagement.mercer.edu/global-education/facultyledprograms/spring-break-in-south-africa/,FLPRSA,2025-2026,2025-2026,Study Abroad / Global Education,"Donald Ekong, Sabrina Walthall, Stephen Hill",2.5,"CSL 210 International Service Learning: Introduction to App Development (3 credits)
CSL 210 International Service Learning: Teaching AI in South Africa (3 credits)
ECE 592/SSE 592 Special Topics: Advanced App Development for International Service Learning (3 credits)
ECE/SSE/CYS 595 Global Learning: Teaching AI in South Africa III (3 credits)
EGR 292 Special Topics: Introduction to App Development for International Service Learning (3 credits)
EGR 295 Global Learning: Teaching AI in South Africa I (3 credits)
EGR 492 Special Topics: App Development for International Service Learning (3 credits)
EGR/ECE 495 Global Learning: Teaching AI in South Africa II (3 credits)
SCIE 390 Introduction to App Development for International Service Learning (3 credits)",CSL 210; ECE 592/SSE 592; ; EGR 292; EGR 295; EGR 492; EGR/ECE 495; SCIE 390,International Service Learning: Introduction to App Development; International Service Learning: Teaching AI in South Africa; Special Topics: Advanced App Development for International Service Learning; ECE/SSE/CYS 595 Global Learning: Teaching AI in South Africa III; Special Topics: Introduction to App Development for International Service Learning; Global Learning: Teaching AI in South Africa I; Special Topics: App Development for International Service Learning; Global Learning: Teaching AI in South Africa II; Introduction to App Development for International Service Learning,3 credits,,,https://globalengagement.mercer.edu/global-education/facultyledprograms/spring-break-in-south-africa/,Exact Global Education faculty-led public program menu match,Global Education; Global Technology / Engineering; Religion / Society; Language / Culture; Service / International Development; Global Education; Global Technology / Engineering; Service / International Development; Global Education; Global Technology / Engineering,"CSL 210: Designed for Mercer On Mission or other international service-learning experiences.  The course will provide an introduction to the country where the service is being conducted, explore the topic of intercultural engagement, and introduce the principles of effective service-learning. May be repeated for different international experiences. (Occasio | CSL 210: Designed for Mercer On Mission or other international service-learning experiences.  The course will provide an introduction to the country where the service is being conducted, explore the topic of intercultural engagement, and introduce the principles of effective service-learning. May be repeated for different international experiences. (Occasio",,CSL 210: Occasionally | CSL 210: Occasionally,MaconCatalog25_26.docx paragraph 3947,High - CRM travel program,Active Study Abroad Programs 2025-2026.xlsx
PTP-0037,Spring Break in South Korea - BME,South Korea / Asia,"Incheon, South Korea",Faculty-Led Program,Health Professions; Public Health; Psychology,Undergraduate; Graduate/Professional where program permits,2025-2026,Not specified; confirm with program contact,Not listed in source export; confirm with Global Education/Mercer On Mission,"Spring Break in South Korea - BME is a Faculty-Led Program in Incheon, South Korea. Associated course(s): nan: BME 430/530 Advanced Biomedical Modelling. ",Minimum GPA: 2.5. Program-specific prerequisites/restrictions should be confirmed with host unit.,Review the public program page if listed; contact the host unit/faculty contact before applying.,Sinjae Hyun,Approved,Faculty-Led Program; South Korea; Asia; Global Health; Global Education; Global Technology / Engineering; Health Professions; Public Health; Psychology,Source: CRM export. Public URL: https://globalengagement.mercer.edu/global-education/facultyledprograms/spring-break-in-south-korea-bme/,FLPRSKBME,2025-2026,2025-2026,Study Abroad / Global Education,Sinjae Hyun,2.5,BME 430/530 Advanced Biomedical Modelling (3 credits),,BME 430/530 Advanced Biomedical Modelling,3 credits,,,https://globalengagement.mercer.edu/global-education/facultyledprograms/spring-break-in-south-korea-bme/,Exact Global Education faculty-led public program menu match,Global Health; Global Education; Global Technology / Engineering,,,,,High - CRM travel program,Active Study Abroad Programs 2025-2026.xlsx
PTP-0038,Spring Break in South Korea - POL,South Korea / Asia,"Seoul, South Korea",Faculty-Led Program,Engineering; Computer Science; Technology,Undergraduate; Graduate/Professional where program permits,2025-2026,Not specified; confirm with program contact,Not listed in source export; confirm with Global Education/Mercer On Mission,"Spring Break in South Korea - POL is a Faculty-Led Program in Seoul, South Korea. Associated course(s): POL 198: Special Introductory Topics in Political Science: Korean Studies; POL 392: Special Topic in International & Comparative Issues: Korean Studies. Catalog context: POL 198: Science: (Subtitle) A seminar focused on the study of specific topical issue affecting government, politics, or international affairs. Students must engage in projects or assignments requiring at least one contact hour, or equivalent, per week for every hour of credit. May be repeated with different topics; does not count toward the major or minor. POL 392: Politics: (Subtitle) Prerequisite: POL 253 recommended. A seminar involving intensive study of an issue related to international or comparative politics. May be repeated with different topics. (Occasionally)",Minimum GPA: 2.5. Program-specific prerequisites/restrictions should be confirmed with host unit.,Review the public program page if listed; contact the host unit/faculty contact before applying.,"Phoebe Moon, Tyler Parker",Approved,Faculty-Led Program; South Korea; Asia; Global Education; Global Technology / Engineering; Global Justice / Goverce; Global Education; Global Justice / Goverce; Engineering; Computer Science; Technology,Source: CRM export. Public URL: https://globalengagement.mercer.edu/global-education/facultyledprograms/spring-break-in-south-korea-pol/,FLPRSKPOL,2025-2026,2025-2026,Study Abroad / Global Education,"Phoebe Moon, Tyler Parker",2.5,"POL 198 Special Introductory Topics in Political Science: Korean Studies (1 credits)
POL 392 Special Topic in International & Comparative Issues: Korean Studies (3 credits)",POL 198; POL 392,Special Introductory Topics in Political Science: Korean Studies; Special Topic in International & Comparative Issues: Korean Studies,1 credits; 3 credits,,,https://globalengagement.mercer.edu/global-education/facultyledprograms/spring-break-in-south-korea-pol/,Exact Global Education faculty-led public program menu match,Global Education; Global Technology / Engineering; Global Justice / Governance; Global Education; Global Justice / Governance,"POL 198: Science: (Subtitle) A seminar focused on the study of specific topical issue affecting government, politics, or international affairs. Students must engage in projects or assignments requiring at least one contact hour, or equivalent, per week for every hour of credit. May be repeated with different topics; does not count toward the major or minor. | POL 392: Politics: (Subtitle) Prerequisite: POL 253 recommended. A seminar involving intensive study of an issue related to international or comparative politics. May be repeated with different topics. (Occasionally)",POL 392: POL 253 recommended.,POL 198: Occasionally | POL 392: Occasionally,MaconCatalog25_26.docx paragraph 7616; MaconCatalog25_26.docx paragraph 7725,High - CRM travel program,Active Study Abroad Programs 2025-2026.xlsx
PTP-0039,Spring Break in Sweden,Sweden / Europe,"Gothenburg, Sweden; Stockholm, Sweden",Faculty-Led Program,Health Professions; Public Health; Psychology,Undergraduate; Graduate/Professional where program permits,2025-2026,Not specified; confirm with program contact,Not listed in source export; confirm with Global Education/Mercer On Mission,"Spring Break in Sweden is a Faculty-Led Program in Gothenburg, Sweden; Stockholm, Sweden. Associated course(s): PSY 250: Child & Adolescent Psychology. Catalog context: PSY 250: Prerequisite: PSY 101. An overview of human development in infancy through adolescence, encompassing physical, cognitive, and socio-emotional changes. Introduces the major theories of development and explores their ability to accurately describe and explain normal development. Central issues (e.g., nature versus nurture, mechanisms of development) ",Minimum GPA: 2.5. Program-specific prerequisites/restrictions should be confirmed with host unit.,Review the public program page if listed; contact the host unit/faculty contact before applying.,"Amber Ingram, Anastasia Kerr-German, Emily Dunn",Approved,Faculty-Led Program; Sweden; Europe; Global Education; Global Technology / Engineering; Service / International Development; Health Professions; Public Health; Psychology,Source: CRM export. Public URL: https://globalengagement.mercer.edu/global-education/facultyledprograms/spring-break-in-sweden/,FLPRSWESB,2025-2026,2025-2026,Study Abroad / Global Education,"Amber Ingram, Anastasia Kerr-German, Emily Dunn",2.5,PSY 250 Child & Adolescent Psychology (3 credits),PSY 250,Child & Adolescent Psychology,3 credits,,,https://globalengagement.mercer.edu/global-education/facultyledprograms/spring-break-in-sweden/,Exact Global Education faculty-led public program menu match,Global Education; Global Technology / Engineering; Service / International Development,"PSY 250: Prerequisite: PSY 101. An overview of human development in infancy through adolescence, encompassing physical, cognitive, and socio-emotional changes. Introduces the major theories of development and explores their ability to accurately describe and explain normal development. Central issues (e.g., nature versus nurture, mechanisms of development) ",PSY 250: PSY 101.,PSY 250: Every year,MaconCatalog25_26.docx paragraph 7958,High - CRM travel program,Active Study Abroad Programs 2025-2026.xlsx
PTP-0040,Spring Break in the Netherlands and France,France; Netherlands / Europe,"Paris, France; Leiden, Netherlands",Faculty-Led Program,Interdisciplinary,Undergraduate; Graduate/Professional where program permits,2025-2026,Not specified; confirm with program contact,Not listed in source export; confirm with Global Education/Mercer On Mission,"Spring Break in the Netherlands and France is a Faculty-Led Program in Paris, France; Leiden, Netherlands. Associated course(s): COUN 611: Special Topics in Narrative Theory. ",Minimum GPA: 2.5. Program-specific prerequisites/restrictions should be confirmed with host unit.,Review the public program page if listed; contact the host unit/faculty contact before applying.,"Sabrina Walthall, Donald Redmond, Emily Dunn",Approved,Faculty-Led Program; France; Netherlands; Europe; Global Education; Language / Culture; Interdisciplinary,Source: CRM export. Public URL: https://globalengagement.mercer.edu/global-education/facultyledprograms/spring-break-in-the-netherlands-and-france/,FLPRHOL,2025-2026,2025-2026,Study Abroad / Global Education,"Sabrina Walthall, Donald Redmond, Emily Dunn",2.5,COUN 611 Special Topics in Narrative Theory (3 credits),COUN 611,Special Topics in Narrative Theory,3 credits,,,https://globalengagement.mercer.edu/global-education/facultyledprograms/spring-break-in-the-netherlands-and-france/,Exact Global Education faculty-led public program menu match,Global Education; Language / Culture,,,,,High - CRM travel program,Active Study Abroad Programs 2025-2026.xlsx
PTP-0041,Summer in Bali,Indonesia / Asia,"Bali, Indonesia",Faculty-Led Program,Interdisciplinary,Undergraduate; Graduate/Professional where program permits,2025-2026,Not specified; confirm with program contact,Not listed in source export; confirm with Global Education/Mercer On Mission,"Summer in Bali is a Faculty-Led Program in Bali, Indonesia. Associated course(s): COUN 611: Bali Cultural Immersion Wellness, Spirituality, and Community in Bali Indonesia; COUN 813: Bali Cultural Immersion Wellness, Spirituality, and Community in Bali Indonesia. ",Minimum GPA: 2.5. Program-specific prerequisites/restrictions should be confirmed with host unit.,Review the public program page if listed; contact the host unit/faculty contact before applying.,"Brittany Prioleau, Nadia Barnett",Approved,Faculty-Led Program; Indonesia; Asia; Global Education; Service / International Development; Interdisciplinary,Source: CRM export. Public URL: https://globalengagement.mercer.edu/global-education/facultyledprograms/summer-in-bali/,FLPRIDN,2025-2026,2025-2026,Study Abroad / Global Education,"Brittany Prioleau, Nadia Barnett",2.5,"COUN 611 Bali Cultural Immersion Wellness, Spirituality, and Community in Bali Indonesia (3 credits)
COUN 813 Bali Cultural Immersion Wellness, Spirituality, and Community in Bali Indonesia (3 credits)",COUN 611; COUN 813,"Bali Cultural Immersion Wellness, Spirituality, and Community in Bali Indonesia",3 credits,,,https://globalengagement.mercer.edu/global-education/facultyledprograms/summer-in-bali/,Exact Global Education faculty-led public program menu match,Global Education; Service / International Development,,,,,High - CRM travel program,Active Study Abroad Programs 2025-2026.xlsx
PTP-0042,Summer in Botswana,Botswana / Africa,"Gaborone, Botswana",Faculty-Led Program,Education,Undergraduate; Graduate/Professional where program permits,2025-2026,Not specified; confirm with program contact,Not listed in source export; confirm with Global Education/Mercer On Mission,"Summer in Botswana is a Faculty-Led Program in Gaborone, Botswana. Associated course(s): ECE 495: Global Learning: Teaching AI and Stem in Botswana III; EGR 191: Special Topics: Teaching Public Speaking in Botswana I; EGR 291: Special Topics: Teaching AI and Stem in Botswana I; EGR 295: Special Topics: Teaching AI and Stem in Botswana II; EGR 495: Global Learning: Teaching AI and Stem in Botswana III. ",Minimum GPA: 2.5. Program-specific prerequisites/restrictions should be confirmed with host unit.,Review the public program page if listed; contact the host unit/faculty contact before applying.,"Stephen Hill, Donald Ekong",Approved,Faculty-Led Program; Botswana; Africa; Global Education; Global Technology / Engineering; Global Education; Education,Source: CRM export. Public URL: https://globalengagement.mercer.edu/global-education/facultyledprograms/summer-in-botswana/,FLPRBWA,2025-2026,2025-2026,Study Abroad / Global Education,"Stephen Hill, Donald Ekong",2.5,"ECE 495 Global Learning: Teaching AI and Stem in Botswana III (3 credits)
EGR 191 Special Topics: Teaching Public Speaking in Botswana I (1 credits)
EGR 291 Special Topics: Teaching AI and Stem in Botswana I (1 credits)
EGR 295 Special Topics: Teaching AI and Stem in Botswana II (3 credits)
EGR 495 Global Learning: Teaching AI and Stem in Botswana III (3 credits)
EGR 495 Global Learning: Teaching Public Speaking in Botswana II (3 credits)",ECE 495; EGR 191; EGR 291; EGR 295; EGR 495,Global Learning: Teaching AI and Stem in Botswana III; Special Topics: Teaching Public Speaking in Botswana I; Special Topics: Teaching AI and Stem in Botswana I; Special Topics: Teaching AI and Stem in Botswana II; Global Learning: Teaching Public Speaking in Botswana II,3 credits; 1 credits,,,https://globalengagement.mercer.edu/global-education/facultyledprograms/summer-in-botswana/,Exact Global Education faculty-led public program menu match,Global Education; Global Technology / Engineering; Global Education,,,,,High - CRM travel program,Active Study Abroad Programs 2025-2026.xlsx
PTP-0043,Summer in France,France / Europe,"Paris, France",Faculty-Led Program,Education,Undergraduate; Graduate/Professional where program permits,2025-2026,Not specified; confirm with program contact,Not listed in source export; confirm with Global Education/Mercer On Mission,"Summer in France is a Faculty-Led Program in Paris, France. Associated course(s): EDUC 374: Methods in Curriculum; EDUC 390: Special Topics. Catalog context: EDUC 374: Prerequisite: EDUC 220, EDUC 356. This course is an orientation to curriculum studies (6-12) that affects middle and secondary students. Candidates will learn and implement methods of integrated/interdisciplinary curriculum including lesson plans, assessments, and instructional strategies to scaffold student learning and meet the diverse needs of s EDUC 390: Prerequisites: consent of Program Director and Associate Dean. This course offers a study of some significant topic in education that is not available through other program offerings. (Occasionally)",Minimum GPA: 2.5. Program-specific prerequisites/restrictions should be confirmed with host unit.,Review the public program page if listed; contact the host unit/faculty contact before applying.,"Katherine Perrotta, Glenda Morrissey",Approved,Faculty-Led Program; France; Europe; Global Education; Global Education; Global Technology / Engineering; Education,Source: CRM export. Public URL: https://globalengagement.mercer.edu/global-education/facultyledprograms/summer-in-france/,FLPRFRASU,2025-2026,2025-2026,Study Abroad / Global Education,"Katherine Perrotta, Glenda Morrissey",2.5,"EDUC 374 Methods in Curriculum (3 credits)
EDUC 390 Special Topics (3 credits)",EDUC 374; EDUC 390,Methods in Curriculum; Special Topics,3 credits,,,https://globalengagement.mercer.edu/global-education/facultyledprograms/summer-in-france/,Exact Global Education faculty-led public program menu match,Global Education; Global Education; Global Technology / Engineering,"EDUC 374: Prerequisite: EDUC 220, EDUC 356. This course is an orientation to curriculum studies (6-12) that affects middle and secondary students. Candidates will learn and implement methods of integrated/interdisciplinary curriculum including lesson plans, assessments, and instructional strategies to scaffold student learning and meet the diverse needs of s | EDUC 390: Prerequisites: consent of Program Director and Associate Dean. This course offers a study of some significant topic in education that is not available through other program offerings. (Occasionally)","EDUC 374: EDUC 220, EDUC 356. | EDUC 390: consent of Program Director and Associate Dean.",EDUC 374: Every Spring in Macon | EDUC 390: Occasionally,MaconCatalog25_26.docx paragraph 14714; MaconCatalog25_26.docx paragraph 14724,High - CRM travel program,Active Study Abroad Programs 2025-2026.xlsx
PTP-0044,Summer in Poland,Poland / Europe,"Krakow, Poland",Faculty-Led Program,Humanities; Languages; Culture,Undergraduate; Graduate/Professional where program permits,2025-2026,Not specified; confirm with program contact,Not listed in source export; confirm with Global Education/Mercer On Mission,"Summer in Poland is a Faculty-Led Program in Krakow, Poland. Associated course(s): CRW 387: Special Topics in Creative Writing; ENG 225: Study of a Literary Theme in Religious Heritage; ENG 265: Survey of American Literature. Catalog context: CRW 387: A study of one of the genres or approaches to creative writing not included in the regular program offerings. Students will read widely on the topic and write a substantial body of work that responds to both the readings and the classroom discussions. (Every year) ENG 225: Heritage: (Variable Topic) This course examines themes related to Religious Heritage through various scriptural texts and literary works. In addition to learning how to examine texts closely and carefully, the student will be required to develop an ability to read, think, and write critically. May be repeated with different topics.  (Occasionally)",Minimum GPA: 2.5. Program-specific prerequisites/restrictions should be confirmed with host unit.,Review the public program page if listed; contact the host unit/faculty contact before applying.,"James May, Emily Dunn, Chelsea Rathburn, David Davis",Approved,Faculty-Led Program; Poland; Europe; Global Education; Global Technology / Engineering; Global Education; Global Education; Global Justice / Goverce; Humanities; Languages; Culture,Source: CRM export. Public URL: https://globalengagement.mercer.edu/global-education/facultyledprograms/summer-in-poland/,FLPRPOL,2025-2026,2025-2026,Study Abroad / Global Education,"James May, Emily Dunn, Chelsea Rathburn, David Davis",2.5,"CRW 387 Special Topics in Creative Writing (3 credits)
ENG 225 Study of a Literary Theme in Religious Heritage (3 credits)
ENG 265 Survey of American Literature (3 credits)",CRW 387; ENG 225; ENG 265,Special Topics in Creative Writing; Study of a Literary Theme in Religious Heritage; Survey of American Literature,3 credits,,,https://globalengagement.mercer.edu/global-education/facultyledprograms/summer-in-poland/,Exact Global Education faculty-led public program menu match,Global Education; Global Technology / Engineering; Global Education; Global Education; Global Justice / Governance,"CRW 387: A study of one of the genres or approaches to creative writing not included in the regular program offerings. Students will read widely on the topic and write a substantial body of work that responds to both the readings and the classroom discussions. (Every year) | ENG 225: Heritage: (Variable Topic) This course examines themes related to Religious Heritage through various scriptural texts and literary works. In addition to learning how to examine texts closely and carefully, the student will be required to develop an ability to read, think, and write critically. May be repeated with different topics.  (Occasionally) | ENG 265: A chronological overview of major works of American literature that provides insights into diverse authors’ reactions to the social and artistic movements of their era. Topics may include slavery and abolitionism, industrialization, urban migration, responses to war, and responses to issues such as civil rights and the women’s movement.  Artistical",,CRW 387: Every year | ENG 225: Occasionally | ENG 265: Occasionally,MaconCatalog25_26.docx paragraph 4284; MaconCatalog25_26.docx paragraph 4658; MaconCatalog25_26.docx paragraph 4680,High - CRM travel program,Active Study Abroad Programs 2025-2026.xlsx
PTP-0045,Summer in Seville,Spain / Europe,"Seville, Spain",Faculty-Led Program,Engineering; Computer Science; Technology,Undergraduate; Graduate/Professional where program permits,2025-2026,Not specified; confirm with program contact,Not listed in source export; confirm with Global Education/Mercer On Mission,"Summer in Seville is a Faculty-Led Program in Seville, Spain. Associated course(s): SPN 353S: Spanish Studies Abroad. ",Minimum GPA: 2.5. Program-specific prerequisites/restrictions should be confirmed with host unit.,Review the public program page if listed; contact the host unit/faculty contact before applying.,"Alana Alvarez, Jorge Palacios",Approved,Faculty-Led Program; Spain; Europe; Global Education; Global Technology / Engineering; Language / Culture; Engineering; Computer Science; Technology,Source: CRM export. Public URL: nan,FLPRESP,2025-2026,2025-2026,Study Abroad / Global Education,"Alana Alvarez, Jorge Palacios",2.5,SPN 353S Spanish Studies Abroad (7 credits),SPN 353S,Spanish Studies Abroad,7 credits,,,,No Global Education public program page match found,Global Education; Global Technology / Engineering; Language / Culture,,,,,High - CRM travel program,Active Study Abroad Programs 2025-2026.xlsx
PTP-0046,Summer in Sweden,Sweden / Europe,"Stockholm, Sweden",Faculty-Led Program,Health Professions; Public Health; Psychology,Undergraduate; Graduate/Professional where program permits,2025-2026,Not specified; confirm with program contact,Not listed in source export; confirm with Global Education/Mercer On Mission,"Summer in Sweden is a Faculty-Led Program in Stockholm, Sweden. Associated course(s): INT 201: Building Community; PBH 399: Comparative Healthcare: United States and Sweden. Catalog context: INT 201: Prerequisite: a grade of C or better in INT 101, GBK 101, EGR 107, or TCO 141. Students will study issues of the public good and propose solutions for building and maintaining community. By examining works from multiple domains, students will explore and reflect on the complexity of contentious issues and the use of civil and effective communicatio PBH 399: better identify the region’s health-related needs and develop priorities and contextually relevant responses. (To be determined each year).",Minimum GPA: 2.5. Program-specific prerequisites/restrictions should be confirmed with host unit.,Review the public program page if listed; contact the host unit/faculty contact before applying.,"Emily Dunn, Laura Bell",Approved,Faculty-Led Program; Sweden; Europe; Global Education; Global Technology / Engineering; Service / International Development; Global Health; Global Education; Health Professions; Public Health; Psychology,Source: CRM export. Public URL: https://globalengagement.mercer.edu/global-education/facultyledprograms/summer-in-sweden/,FLPRSWE,2025-2026,2025-2026,Study Abroad / Global Education,"Emily Dunn, Laura Bell",2.5,"INT 201 Building Community (4 credits)
PBH 399 Comparative Healthcare: United States and Sweden (3 credits)",INT 201; PBH 399,Building Community; Comparative Healthcare: United States and Sweden,4 credits; 3 credits,,,https://globalengagement.mercer.edu/global-education/facultyledprograms/summer-in-sweden/,Exact Global Education faculty-led public program menu match,Global Education; Global Technology / Engineering; Service / International Development; Global Health; Global Education,"INT 201: Prerequisite: a grade of C or better in INT 101, GBK 101, EGR 107, or TCO 141. Students will study issues of the public good and propose solutions for building and maintaining community. By examining works from multiple domains, students will explore and reflect on the complexity of contentious issues and the use of civil and effective communicatio | PBH 399: better identify the region’s health-related needs and develop priorities and contextually relevant responses. (To be determined each year).","INT 201: a grade of C or better in INT 101, GBK 101, EGR 107, or TCO 141.",INT 201: Every semester,MaconCatalog25_26.docx paragraph 5620; MaconCatalog25_26.docx paragraph 16854,High - CRM travel program,Active Study Abroad Programs 2025-2026.xlsx
PTP-0047,Summer in Taiwan,Taiwan / Asia,"Pingtung, Taiwan; Taipei, Taiwan",Faculty-Led Program,Engineering; Computer Science; Technology,Undergraduate; Graduate/Professional where program permits,2025-2026,Not specified; confirm with program contact,Not listed in source export; confirm with Global Education/Mercer On Mission,"Summer in Taiwan is a Faculty-Led Program in Pingtung, Taiwan; Taipei, Taiwan. Associated course(s): CHN 253S: Chinese Studies Abroad; CHN 353S: Chinese Studies Abroad. ",Minimum GPA: 2.5. Program-specific prerequisites/restrictions should be confirmed with host unit.,Review the public program page if listed; contact the host unit/faculty contact before applying.,Miao Marone,Approved,Faculty-Led Program; Taiwan; Asia; Global Education; Global Technology / Engineering; Engineering; Computer Science; Technology,Source: CRM export. Public URL: https://globalengagement.mercer.edu/global-education/facultyledprograms/summer-in-taiwan/,FLPRTWN,2025-2026,2025-2026,Study Abroad / Global Education,Miao Marone,2.5,"CHN 253S Chinese Studies Abroad (3 credits)
CHN 353S Chinese Studies Abroad (3 credits)",CHN 253S; CHN 353S,Chinese Studies Abroad,3 credits,,,https://globalengagement.mercer.edu/global-education/facultyledprograms/summer-in-taiwan/,Exact Global Education faculty-led public program menu match,Global Education; Global Technology / Engineering,,,,,High - CRM travel program,Active Study Abroad Programs 2025-2026.xlsx
PTP-0048,MOM: Colombia,Colombia / South America,Colombia,Mercer On Mission,Humanities; Languages; Culture,Undergraduate; Graduate/Professional where program permits,2025-2026,Not specified; confirm with program contact,Not listed in source export; confirm with Global Education/Mercer On Mission,"MOM: Colombia is a Mercer On Mission in Colombia. Associated course(s): CSL 210: Colombian Cultural Identity; FLL 195: Colombian Cultural Identity; INT 301: Engaging the World: Colombia Culture and Identity; SPN 353: Colombian Language and Culture. Catalog context: CSL 210: Designed for Mercer On Mission or other international service-learning experiences.  The course will provide an introduction to the country where the service is being conducted, explore the topic of intercultural engagement, and introduce the principles of effective service-learning. May be repeated for different international experiences. (Occasio INT 301: Prerequisite: INT 201 or GBK 202. Students will examine the interconnectedness of global society and explore and develop responses to contemporary global challenges. They will develop a deeper understanding of their own perspectives on global issues by engaging a diverse range of international voices. Fulfills the Oral Communication requirement. In",Minimum GPA: 2.0. Program-specific prerequisites/restrictions should be confirmed with host unit.,Review the public program page if listed; contact the host unit/faculty contact before applying.,"Christine Carr, Craig McMahan, Flavio Campos, Jose Pino Rincon",Approved,Mercer On Mission; Colombia; South America; Global Technology / Engineering; Religion / Society; Language / Culture; Service / International Development; Global Technology / Engineering; Religion / Society; Global Technology / Engineering; Religion / Society; Language / Culture; Humanities; Languages; Culture,Source: CRM export. Public URL: https://mom.mercer.edu/colombia/,MOMCOL,2025-2026,2025-2026,Mercer On Mission,"Christine Carr, Craig McMahan, Flavio Campos, Jose Pino Rincon",2.0,"CSL 210 Colombian Cultural Identity (3 credits)
FLL 195 Colombian Cultural Identity (3 credits)
INT 301 Engaging the World: Colombia Culture and Identity (3 credits)
SPN 353 Colombian Language and Culture (3 credits)",CSL 210; FLL 195; INT 301; SPN 353,Colombian Cultural Identity; Engaging the World: Colombia Culture and Identity; Colombian Language and Culture,3 credits,,,https://mom.mercer.edu/colombia/,Exact MOM 2026 public program page,Global Technology / Engineering; Religion / Society; Language / Culture; Service / International Development; Global Technology / Engineering; Religion / Society; Global Technology / Engineering; Religion / Society; Language / Culture,"CSL 210: Designed for Mercer On Mission or other international service-learning experiences.  The course will provide an introduction to the country where the service is being conducted, explore the topic of intercultural engagement, and introduce the principles of effective service-learning. May be repeated for different international experiences. (Occasio | INT 301: Prerequisite: INT 201 or GBK 202. Students will examine the interconnectedness of global society and explore and develop responses to contemporary global challenges. They will develop a deeper understanding of their own perspectives on global issues by engaging a diverse range of international voices. Fulfills the Oral Communication requirement. In",INT 301: INT 201 or GBK 202.,CSL 210: Occasionally | INT 301: Every semester,MaconCatalog25_26.docx paragraph 3947; MaconCatalog25_26.docx paragraph 5623,High - CRM travel program,Active Study Abroad Programs 2025-2026.xlsx
PTP-0049,MOM: Costa Rica,Costa Rica / Central America/Caribbean,Costa Rica,Mercer On Mission,Interdisciplinary,Undergraduate; Graduate/Professional where program permits,2025-2026,Not specified; confirm with program contact,Not listed in source export; confirm with Global Education/Mercer On Mission,MOM: Costa Rica is a Mercer On Mission in Costa Rica. ,Minimum GPA: 2.0. Program-specific prerequisites/restrictions should be confirmed with host unit.,Review the public program page if listed; contact the host unit/faculty contact before applying.,"Craig McMahan, Amber Ingram, Anastasia Kerr-German, Christine Carr",Approved,Mercer On Mission; Costa Rica; Central America/Caribbean; General Global / Intercultural; Interdisciplinary,Source: CRM export. Public URL: https://mom.mercer.edu/costa-rica-psychology/,MOMCR,2025-2026,2025-2026,Mercer On Mission,"Craig McMahan, Amber Ingram, Anastasia Kerr-German, Christine Carr",2.0,,,,,,,https://mom.mercer.edu/costa-rica-psychology/,Exact/likely MOM 2026 public program page,General Global / Intercultural,,,,,High - CRM travel program,Active Study Abroad Programs 2025-2026.xlsx
PTP-0050,MOM: Dominican Republic,Dominican Republic / Central America/Caribbean,Dominican Republic,Mercer On Mission,Interdisciplinary,Undergraduate; Graduate/Professional where program permits,2025-2026,Not specified; confirm with program contact,Not listed in source export; confirm with Global Education/Mercer On Mission,"MOM: Dominican Republic is a Mercer On Mission in Dominican Republic. Associated course(s): ECV 491: Water, Infrastructure, and Appropriate Technology in Developing Countries; ETM 591: Mobility and Accessibility in Developing Communities; ISE 491: Mobility and Accessibility in Developing Communities. ",Minimum GPA: 2.0. Program-specific prerequisites/restrictions should be confirmed with host unit.,Review the public program page if listed; contact the host unit/faculty contact before applying.,"Christine Carr, Craig McMahan, Michael Fleming, Natalia Cardelino",Approved,Mercer On Mission; Dominican Republic; Central America/Caribbean; Global Technology / Engineering; Religion / Society; Interdisciplinary,Source: CRM export. Public URL: https://mom.mercer.edu/dominican-republic/,MOMDR,2025-2026,2025-2026,Mercer On Mission,"Christine Carr, Craig McMahan, Michael Fleming, Natalia Cardelino",2.0,"ECV 491 Water, Infrastructure, and Appropriate Technology in Developing Countries (3 credits)
ETM 591 Mobility and Accessibility in Developing Communities (3 credits)
ISE 491 Mobility and Accessibility in Developing Communities (3 credits)",ECV 491; ETM 591; ISE 491,"Water, Infrastructure, and Appropriate Technology in Developing Countries; Mobility and Accessibility in Developing Communities",3 credits,,,https://mom.mercer.edu/dominican-republic/,Exact MOM 2026 public program page,Global Technology / Engineering; Religion / Society,,,,,High - CRM travel program,Active Study Abroad Programs 2025-2026.xlsx
PTP-0051,MOM: France,France / Europe,France,Mercer On Mission,Education,Undergraduate; Graduate/Professional where program permits,2025-2026,Not specified; confirm with program contact,Not listed in source export; confirm with Global Education/Mercer On Mission,"MOM: France is a Mercer On Mission in France. Associated course(s): CSL 210: International Service Learning: Refugee Narratives; FRE 495: Directed Independent Research: Refugees in France; INT 301: Engaging the World: Refugee Narratives; PETE 289: Teaching Invasion Sports II. Catalog context: CSL 210: Designed for Mercer On Mission or other international service-learning experiences.  The course will provide an introduction to the country where the service is being conducted, explore the topic of intercultural engagement, and introduce the principles of effective service-learning. May be repeated for different international experiences. (Occasio FRE 495: Prerequisite: consent of instructor. This course is intended to provide students an opportunity to conduct supervised research in an area of their interest in French language, literature, or culture. It may be used to fulfill the course requirement for Departmental Honors. Students must engage in projects or assignments requiring at least one conta",Minimum GPA: 2.0. Program-specific prerequisites/restrictions should be confirmed with host unit.,Review the public program page if listed; contact the host unit/faculty contact before applying.,"Christine Carr, Katherine Roseau, Adam Keath, Craig McMahan",Approved,Mercer On Mission; France; Europe; Global Technology / Engineering; Religion / Society; Language / Culture; Service / International Development; Global Technology / Engineering; Religion / Society; Language / Culture; Global Education; Global Technology / Engineering; Religion / Society; Service / International Development; Education,Source: CRM export. Public URL: https://mom.mercer.edu/france/,MOMFRA,2025-2026,2025-2026,Mercer On Mission,"Christine Carr, Katherine Roseau, Adam Keath, Craig McMahan",2.0,"CSL 210 International Service Learning: Refugee Narratives (3 credits)
FRE 495 Directed Independent Research: Refugees in France (3 credits)
INT 301 Engaging the World: Refugee Narratives (3 credits)
PETE 289 Teaching Invasion Sports II (3 credits)",CSL 210; FRE 495; INT 301; PETE 289,International Service Learning: Refugee Narratives; Directed Independent Research: Refugees in France; Engaging the World: Refugee Narratives; Teaching Invasion Sports II,3 credits,,,https://mom.mercer.edu/france/,Exact MOM 2026 public program page,Global Technology / Engineering; Religion / Society; Language / Culture; Service / International Development; Global Technology / Engineering; Religion / Society; Language / Culture; Global Education; Global Technology / Engineering; Religion / Society; Service / International Development,"CSL 210: Designed for Mercer On Mission or other international service-learning experiences.  The course will provide an introduction to the country where the service is being conducted, explore the topic of intercultural engagement, and introduce the principles of effective service-learning. May be repeated for different international experiences. (Occasio | FRE 495: Prerequisite: consent of instructor. This course is intended to provide students an opportunity to conduct supervised research in an area of their interest in French language, literature, or culture. It may be used to fulfill the course requirement for Departmental Honors. Students must engage in projects or assignments requiring at least one conta | INT 301: Prerequisite: INT 201 or GBK 202. Students will examine the interconnectedness of global society and explore and develop responses to contemporary global challenges. They will develop a deeper understanding of their own perspectives on global issues by engaging a diverse range of international voices. Fulfills the Oral Communication requirement. In | PETE 289: This course is designed to introduce teacher candidates to the games and skills associated with a variety of invasion and fielding games, including soccer, basketball, flag football, floor hockey, ultimate Frisbee, softball, and cricket, as well as to a variety of invasion and fielding activities. Emphasis will be placed on planning and applying de",FRE 495: consent of instructor. | INT 301: INT 201 or GBK 202.,CSL 210: Occasionally | FRE 495: Occasionally | INT 301: Every semester | PETE 289: Every Spring in Macon,MaconCatalog25_26.docx paragraph 3947; MaconCatalog25_26.docx paragraph 4967; MaconCatalog25_26.docx paragraph 5623; MaconCatalog25_26.docx paragraph 14842,High - CRM travel program,Active Study Abroad Programs 2025-2026.xlsx
PTP-0052,MOM: Honduras,Honduras / Unmapped,Honduras,Mercer On Mission,Interdisciplinary,Undergraduate; Graduate/Professional where program permits,2025-2026,Not specified; confirm with program contact,Not listed in source export; confirm with Global Education/Mercer On Mission,MOM: Honduras is a Mercer On Mission in Honduras. ,Minimum GPA: 2.0. Program-specific prerequisites/restrictions should be confirmed with host unit.,Review the public program page if listed; contact the host unit/faculty contact before applying.,"Craig McMahan, Chinekwu Obidoa, Patsy Butts, Christine Carr",Approved,Mercer On Mission; Honduras; Unmapped; Global Technology / Engineering; Interdisciplinary,Source: CRM export. Public URL: https://mom.mercer.edu/honduras/,MOMHON,2025-2026,2025-2026,Mercer On Mission,"Craig McMahan, Chinekwu Obidoa, Patsy Butts, Christine Carr",2.0,,,,,,,https://mom.mercer.edu/honduras/,Exact MOM 2026 public program page,Global Technology / Engineering,,,,,High - CRM travel program,Active Study Abroad Programs 2025-2026.xlsx
PTP-0053,MOM: India (Healthcare),India / Asia,India,Mercer On Mission,Health Professions; Public Health; Psychology,Undergraduate; Graduate/Professional where program permits,2025-2026,Not specified; confirm with program contact,Not listed in source export; confirm with Global Education/Mercer On Mission,MOM: India (Healthcare) is a Mercer On Mission in India. Associated course(s): NUR 415/NUR 626: Global Health Practices; NUR 416/NUR 627: Health Systems and Policies. ,Minimum GPA: 2.0. Program-specific prerequisites/restrictions should be confirmed with host unit.,Review the public program page if listed; contact the host unit/faculty contact before applying.,"Stephanie Bennett, Craig McMahan, Christine Carr, Sara Mitchell",Approved,Mercer On Mission; India; Asia; Global Health; Global Technology / Engineering; Religion / Society; Global Health; Global Education; Global Technology / Engineering; Religion / Society; Health Professions; Public Health; Psychology,Source: CRM export. Public URL: https://mom.mercer.edu/india/,MOMINDHEA,2025-2026,2025-2026,Mercer On Mission,"Stephanie Bennett, Craig McMahan, Christine Carr, Sara Mitchell",2.0,"NUR 415/NUR 626 Global Health Practices (3 credits)
NUR 416/NUR 627 Health Systems and Policies (3 credits)",NUR 415/NUR 626; NUR 416/NUR 627,Global Health Practices; Health Systems and Policies,3 credits,,,https://mom.mercer.edu/india/,Exact/umbrella MOM 2026 public program page,Global Health; Global Technology / Engineering; Religion / Society; Global Health; Global Education; Global Technology / Engineering; Religion / Society,,,,,High - CRM travel program,Active Study Abroad Programs 2025-2026.xlsx
PTP-0054,MOM: Jordan STEM,Peru / South America,"Lima, Peru",Mercer On Mission,Education,Undergraduate; Graduate/Professional where program permits,2025-2026,Not specified; confirm with program contact,Not listed in source export; confirm with Global Education/Mercer On Mission,"MOM: Jordan STEM is a Mercer On Mission in Lima, Peru. Associated course(s): CLA 210: International Service Learning: Jordan; CSL 210: International Service Learning: Jordan; ECV 492: Agricultural Engineering Principles and Practices; ECV 592: Agricultural Engineering Principles and Practices; ECV 692: Advanced Agricultural Engineering Principles and Practices. Catalog context: CSL 210: Designed for Mercer On Mission or other international service-learning experiences.  The course will provide an introduction to the country where the service is being conducted, explore the topic of intercultural engagement, and introduce the principles of effective service-learning. May be repeated for different international experiences. (Occasio",Minimum GPA: 2.0. Program-specific prerequisites/restrictions should be confirmed with host unit.,Review the public program page if listed; contact the host unit/faculty contact before applying.,"Amro Khasawneh, Bremen Vance, Craig McMahan, Christine Carr, Sarah Bauer",Approved,Mercer On Mission; Peru; South America; Global Education; Global Technology / Engineering; Religion / Society; Service / International Development; Global Education; Global Technology / Engineering; Religion / Society; Language / Culture; Service / International Development; Global Education; Global Technology / Engineering; Religion / Society; International Business / Economics; Global Education; Global Technology / Engineering; Religion / Society; Education,Source: CRM export. Public URL: https://mom.mercer.edu/jordan-stem/,MOMJOS,2025-2026,2025-2026,Mercer On Mission,"Amro Khasawneh, Bremen Vance, Craig McMahan, Christine Carr, Sarah Bauer",2.0,"CLA 210 International Service Learning: Jordan (3 credits)
CSL 210 International Service Learning: Jordan (3 credits)
ECV 492 Agricultural Engineering Principles and Practices (3 credits)
ECV 592 Agricultural Engineering Principles and Practices (3 credits)
ECV 692 Advanced Agricultural Engineering Principles and Practices (3 credits)
EGR 491 Project Management and Process Improvement for Land Restoration (3 credits)
EGR 492 Agricultural Engineering Principles and Practices (3 credits)
EGR 591 Project Management and Process Improvement for Land Restoration (3 credits)
EGR 592 Agricultural Engineering Principles and Practices (3 credits)
EGR 691 Advanced Project Management and Process Improvement for Land Restoration (3 credits)
EGR 692 Agricultural Engineering Principles and Practices (3 credits)
ETM 591 Project Management and Process Improvement for Land Restoration (3 credits)
ETM 691 Advanced Project Management and Process Improvement for Land Restoration (3 credits)
ISE 491 Project Management and Process Improvement for Land Restoration (3 credits)",CLA 210; CSL 210; ECV 492; ECV 592; ECV 692; EGR 491; EGR 492; EGR 591; EGR 592; EGR 691; EGR 692; ETM 591; ETM 691; ISE 491,International Service Learning: Jordan; Agricultural Engineering Principles and Practices; Advanced Agricultural Engineering Principles and Practices; Project Management and Process Improvement for Land Restoration; Advanced Project Management and Process Improvement for Land Restoration,3 credits,,,https://mom.mercer.edu/jordan-stem/,Exact MOM 2026 public program page,Global Education; Global Technology / Engineering; Religion / Society; Service / International Development; Global Education; Global Technology / Engineering; Religion / Society; Language / Culture; Service / International Development; Global Education; Global Technology / Engineering; Religion / Society; International Business / Economics; Global Education; Global Technology / Engineering; Religion / Society,"CSL 210: Designed for Mercer On Mission or other international service-learning experiences.  The course will provide an introduction to the country where the service is being conducted, explore the topic of intercultural engagement, and introduce the principles of effective service-learning. May be repeated for different international experiences. (Occasio",,CSL 210: Occasionally,MaconCatalog25_26.docx paragraph 3947,High - CRM travel program,Active Study Abroad Programs 2025-2026.xlsx
PTP-0055,MOM: Journalism,Costa Rica / Central America/Caribbean,Costa Rica,Mercer On Mission,Engineering; Computer Science; Technology,Undergraduate; Graduate/Professional where program permits,2025-2026,Not specified; confirm with program contact,Not listed in source export; confirm with Global Education/Mercer On Mission,MOM: Journalism is a Mercer On Mission in Costa Rica. Associated course(s): JMS 365: JMS 365; JMS 490: JMS 490. Catalog context: JMS 365: Prerequisite: JMS 120 or instructor permission. An advanced theory and production class focusing on media storytelling as an agent for civic engagement and positive social change. Students will view and analyze prominent examples of documentary and narrative storytelling while preparing to assist local agencies in producing social advocacy videos t JMS 490: A study of an advanced topic in journalism or mass communication that is not available through regular course offerings. May be repeated once with a different topic. Lab fee. (Occasionally),Minimum GPA: nan. Program-specific prerequisites/restrictions should be confirmed with host unit.,Review the public program page if listed; contact the host unit/faculty contact before applying.,"Christine Carr, Craig McMahan, Debbie Blankenship",Approved,Mercer On Mission; Costa Rica; Central America/Caribbean; Global Technology / Engineering; Religion / Society; Language / Culture; Service / International Development; Global Technology / Engineering; Religion / Society; Engineering; Computer Science; Technology,Source: CRM export. Public URL: https://mom.mercer.edu/costa-rica-journalism/,MOMJOURN,2025-2026,2025-2026,Mercer On Mission,"Christine Carr, Craig McMahan, Debbie Blankenship",,"JMS 365 JMS 365 (3 credits)
JMS 490 JMS 490 (3 credits)",JMS 365; JMS 490,JMS 365; JMS 490,3 credits,,,https://mom.mercer.edu/costa-rica-journalism/,Exact MOM 2026 public program page,Global Technology / Engineering; Religion / Society; Language / Culture; Service / International Development; Global Technology / Engineering; Religion / Society,JMS 365: Prerequisite: JMS 120 or instructor permission. An advanced theory and production class focusing on media storytelling as an agent for civic engagement and positive social change. Students will view and analyze prominent examples of documentary and narrative storytelling while preparing to assist local agencies in producing social advocacy videos t | JMS 490: A study of an advanced topic in journalism or mass communication that is not available through regular course offerings. May be repeated once with a different topic. Lab fee. (Occasionally),JMS 365: JMS 120 or instructor permission.,JMS 365: Occasionally | JMS 490: Occasionally,MaconCatalog25_26.docx paragraph 5909; MaconCatalog25_26.docx paragraph 5937,High - CRM travel program,Active Study Abroad Programs 2025-2026.xlsx
PTP-0056,MOM: Mexico,Mexico / North America,"Puebla, Mexico",Mercer On Mission,Engineering; Computer Science; Technology,Undergraduate; Graduate/Professional where program permits,2025-2026,Not specified; confirm with program contact,Not listed in source export; confirm with Global Education/Mercer On Mission,"MOM: Mexico is a Mercer On Mission in Puebla, Mexico. Associated course(s): ART 380: Space and Place in Visual Culture; INT 301: Space and Place in Visual Culture; REL 110: Why Religion Matters; SPN 253M: Spanish Studies Abroad; SPN 353M: Spanish Studies Abroad. Catalog context: ART 380: Prerequisite: permission of instructor and chair. A study of some significant area not otherwise covered in credit offerings. May be repeated once with a different topic. Lab fee. (Occasionally) INT 301: Prerequisite: INT 201 or GBK 202. Students will examine the interconnectedness of global society and explore and develop responses to contemporary global challenges. They will develop a deeper understanding of their own perspectives on global issues by engaging a diverse range of international voices. Fulfills the Oral Communication requirement. In",Minimum GPA: 2.0. Program-specific prerequisites/restrictions should be confirmed with host unit.,Review the public program page if listed; contact the host unit/faculty contact before applying.,"Christine Carr, Craig McMahan, Jose Luis Garrido Rivera, Libertad Aranza, Alireza Sarvestani",Approved,Mercer On Mission; Mexico; North America; Global Technology / Engineering; Religion / Society; Language / Culture; Global Technology / Engineering; Religion / Society; Engineering; Computer Science; Technology,Source: CRM export. Public URL: https://mom.mercer.edu/mexico/,MOMMEX,2025-2026,2025-2026,Mercer On Mission,"Christine Carr, Craig McMahan, Jose Luis Garrido Rivera, Libertad Aranza, Alireza Sarvestani",2.0,"ART 380 Space and Place in Visual Culture (3 credits)
INT 301 Space and Place in Visual Culture (3 credits)
REL 110 Why Religion Matters (3 credits)
SPN 253M Spanish Studies Abroad (3 credits)
SPN 353M Spanish Studies Abroad (3 credits)",ART 380; INT 301; REL 110; SPN 253M; SPN 353M,Space and Place in Visual Culture; Why Religion Matters; Spanish Studies Abroad,3 credits,,,https://mom.mercer.edu/mexico/,Exact MOM 2026 public program page,Global Technology / Engineering; Religion / Society; Language / Culture; Global Technology / Engineering; Religion / Society,ART 380: Prerequisite: permission of instructor and chair. A study of some significant area not otherwise covered in credit offerings. May be repeated once with a different topic. Lab fee. (Occasionally) | INT 301: Prerequisite: INT 201 or GBK 202. Students will examine the interconnectedness of global society and explore and develop responses to contemporary global challenges. They will develop a deeper understanding of their own perspectives on global issues by engaging a diverse range of international voices. Fulfills the Oral Communication requirement. In,ART 380: permission of instructor and chair. | INT 301: INT 201 or GBK 202.,ART 380: Occasionally | INT 301: Every semester,MaconCatalog25_26.docx paragraph 3180; MaconCatalog25_26.docx paragraph 5623; MaconCatalog25_26.docx paragraph 8141,High - CRM travel program,Active Study Abroad Programs 2025-2026.xlsx
PTP-0057,MOM: Morocco,Morocco / Africa,"Ifrane, Morocco; Rabat, Morocco",Mercer On Mission,Interdisciplinary,Undergraduate; Graduate/Professional where program permits,2025-2026,Not specified; confirm with program contact,Not listed in source export; confirm with Global Education/Mercer On Mission,"MOM: Morocco is a Mercer On Mission in Ifrane, Morocco; Rabat, Morocco. ",Minimum GPA: 2.0. Program-specific prerequisites/restrictions should be confirmed with host unit.,Review the public program page if listed; contact the host unit/faculty contact before applying.,"Christine Carr, Nathan Myrick, Craig McMahan, Tyler Parker",Approved,Mercer On Mission; Morocco; Africa; General Global / Intercultural; Interdisciplinary,Source: CRM export. Public URL: nan,MOMMO,2025-2026,2025-2026,Mercer On Mission,"Christine Carr, Nathan Myrick, Craig McMahan, Tyler Parker",2.0,,,,,,,,No 2026 MOM homepage match found,General Global / Intercultural,,,,,High - CRM travel program,Active Study Abroad Programs 2025-2026.xlsx
PTP-0058,MOM: Republic of Georgia,Georgia / Unmapped,"Tbilisi, Georgia",Mercer On Mission,Interdisciplinary,Undergraduate; Graduate/Professional where program permits,2025-2026,Not specified; confirm with program contact,Not listed in source export; confirm with Global Education/Mercer On Mission,"MOM: Republic of Georgia is a Mercer On Mission in Tbilisi, Georgia. ",Minimum GPA: 2.0. Program-specific prerequisites/restrictions should be confirmed with host unit.,Review the public program page if listed; contact the host unit/faculty contact before applying.,"Craig McMahan, Andrew Gardner, Chris Grant, Christine Carr",Approved,Mercer On Mission; Georgia; Unmapped; Global Technology / Engineering; Interdisciplinary,Source: CRM export. Public URL: https://mom.mercer.edu/georgia/,MOMGEO,2025-2026,2025-2026,Mercer On Mission,"Craig McMahan, Andrew Gardner, Chris Grant, Christine Carr",2.0,,,,,,,https://mom.mercer.edu/georgia/,Exact MOM 2026 public program page,Global Technology / Engineering,,,,,High - CRM travel program,Active Study Abroad Programs 2025-2026.xlsx
PTP-0059,MOM: Rwanda (BUS),Rwanda / Africa,"Kigali, Rwanda",Mercer On Mission,Business; Economics,Undergraduate; Graduate/Professional where program permits,2025-2026,Not specified; confirm with program contact,Not listed in source export; confirm with Global Education/Mercer On Mission,"MOM: Rwanda (BUS) is a Mercer On Mission in Kigali, Rwanda. Associated course(s): BUS 625: Marketing in Emerging Markets; BUS 625: Social Entrepreneurship; MGT 477: Social Entrepreneurship; MKT 477: Marketing in Emerging Markets. Catalog context: BUS 625: Special Topics courses are designed to provide instruction in areas and subjects that are not offered in the program curriculum as shown in the catalog. Special Topics is a mechanism that facilitates the development of new courses, and encourages curricular experimentation and development. BUS 625: Special Topics courses are designed to provide instruction in areas and subjects that are not offered in the program curriculum as shown in the catalog. Special Topics is a mechanism that facilitates the development of new courses, and encourages curricular experimentation and development.",Minimum GPA: 2.0. Program-specific prerequisites/restrictions should be confirmed with host unit.,Review the public program page if listed; contact the host unit/faculty contact before applying.,"Julie Petherbridge, Craig McMahan, Etienne Musonera, Christine Carr",Approved,Mercer On Mission; Rwanda; Africa; International Business / Economics; Global Technology / Engineering; Religion / Society; Service / International Development; International Business / Economics; Global Technology / Engineering; Religion / Society; Business; Economics,Source: CRM export. Public URL: https://mom.mercer.edu/rwanda/,MOMRWB,2025-2026,2025-2026,Mercer On Mission,"Julie Petherbridge, Craig McMahan, Etienne Musonera, Christine Carr",2.0,"BUS 625 Marketing in Emerging Markets (3 credits)
BUS 625 Social Entrepreneurship (3 credits)
MGT 477 Social Entrepreneurship (3 credits)
MKT 477 Marketing in Emerging Markets (3 credits)",BUS 625; MGT 477; MKT 477,Marketing in Emerging Markets; Social Entrepreneurship,3 credits,Mba Electives,,https://mom.mercer.edu/rwanda/,Umbrella MOM 2026 Rwanda public program page,International Business / Economics; Global Technology / Engineering; Religion / Society; Service / International Development; International Business / Economics; Global Technology / Engineering; Religion / Society,"BUS 625: Special Topics courses are designed to provide instruction in areas and subjects that are not offered in the program curriculum as shown in the catalog. Special Topics is a mechanism that facilitates the development of new courses, and encourages curricular experimentation and development. | BUS 625: Special Topics courses are designed to provide instruction in areas and subjects that are not offered in the program curriculum as shown in the catalog. Special Topics is a mechanism that facilitates the development of new courses, and encourages curricular experimentation and development.",,,MaconCatalog25_26.docx paragraph 17709,High - CRM travel program,Active Study Abroad Programs 2025-2026.xlsx
PTP-0060,MOM: Rwanda (COUN),Rwanda / Africa,"Kigali, Rwanda",Mercer On Mission,Humanities; Languages; Culture,Undergraduate; Graduate/Professional where program permits,2025-2026,Not specified; confirm with program contact,Not listed in source export; confirm with Global Education/Mercer On Mission,"MOM: Rwanda (COUN) is a Mercer On Mission in Kigali, Rwanda. Associated course(s): COUN 611: Rwanda Culture Immersion; COUN 611: Trauma Narrative Treatment. ",Minimum GPA: 2.0. Program-specific prerequisites/restrictions should be confirmed with host unit.,Review the public program page if listed; contact the host unit/faculty contact before applying.,"William Lane, Julie Petherbridge, Christine Carr, Craig McMahan",Approved,Mercer On Mission; Rwanda; Africa; Global Technology / Engineering; Religion / Society; Language / Culture; Humanities; Languages; Culture,Source: CRM export. Public URL: https://mom.mercer.edu/rwanda/,MOMRWC,2025-2026,2025-2026,Mercer On Mission,"William Lane, Julie Petherbridge, Christine Carr, Craig McMahan",2.0,"COUN 611 Rwanda Culture Immersion ( credits)
COUN 611 Trauma Narrative Treatment ( credits)",COUN 611,Rwanda Culture Immersion; Trauma Narrative Treatment,credits,,,https://mom.mercer.edu/rwanda/,Umbrella MOM 2026 Rwanda public program page,Global Technology / Engineering; Religion / Society; Language / Culture,,,,,High - CRM travel program,Active Study Abroad Programs 2025-2026.xlsx
PTP-0061,MOM: Senegal,Kenya / Unmapped,"Nairobi, Kenya",Mercer On Mission,Interdisciplinary,Undergraduate; Graduate/Professional where program permits,2025-2026,Not specified; confirm with program contact,Not listed in source export; confirm with Global Education/Mercer On Mission,"MOM: Senegal is a Mercer On Mission in Nairobi, Kenya. ",Minimum GPA: nan. Program-specific prerequisites/restrictions should be confirmed with host unit.,Review the public program page if listed; contact the host unit/faculty contact before applying.,"Adaline Buerck, Craig McMahan, Adam Kiefer, Christine Carr",Approved,Mercer On Mission; Kenya; Unmapped; Global Technology / Engineering; Interdisciplinary,Source: CRM export. Public URL: nan,MOMSEN,2025-2026,2025-2026,Mercer On Mission,"Adaline Buerck, Craig McMahan, Adam Kiefer, Christine Carr",,,,,,,,,No 2026 MOM homepage match found,Global Technology / Engineering,,,,,High - CRM travel program,Active Study Abroad Programs 2025-2026.xlsx
PTP-0062,MOM: South Africa (BUS),South Africa / Africa,"Cape Town, South Africa",Mercer On Mission,Business; Economics,Undergraduate; Graduate/Professional where program permits,2025-2026,Not specified; confirm with program contact,Not listed in source export; confirm with Global Education/Mercer On Mission,"MOM: South Africa (BUS) is a Mercer On Mission in Cape Town, South Africa. Associated course(s): ACC 379: Accounting for Social Enterprises; BUS 377: Social Enterprise in the 21st Century; ECV 492: Environmental Sustainability in the Developing World. Catalog context: ACC 379: Prerequisites: junior or senior standing. An intensive study of some significant topic in accounting that is not otherwise covered by the school’s course offerings. Topics will be chosen in consultation with students who register for the course. (As needed) BUS 377: This course provides a framework for an intensive study of some significant topic in business that is not otherwise covered by the school’s course offerings. Topics will be chosen by faculty in consultation with students who register for the course. (As needed)",Minimum GPA: 2.0. Program-specific prerequisites/restrictions should be confirmed with host unit.,Review the public program page if listed; contact the host unit/faculty contact before applying.,"Christine Carr, Harold Tessendorf, Craig McMahan, Blake Bowler",Approved,Mercer On Mission; South Africa; Africa; Global Education; Global Technology / Engineering; Religion / Society; International Business / Economics; Global Education; Global Technology / Engineering; Religion / Society; Global Technology / Engineering; Religion / Society; Sustainability / Environment; Business; Economics,Source: CRM export. Public URL: https://mom.mercer.edu/south-africa-business/,MOMSABUS,2025-2026,2025-2026,Mercer On Mission,"Christine Carr, Harold Tessendorf, Craig McMahan, Blake Bowler",2.0,"ACC 379 Accounting for Social Enterprises (3 credits)
BUS 377 Social Enterprise in the 21st Century (3 credits)
ECV 492 Environmental Sustainability in the Developing World (3 credits)",ACC 379; BUS 377; ECV 492,Accounting for Social Enterprises; Social Enterprise in the 21st Century; Environmental Sustainability in the Developing World,3 credits,,,https://mom.mercer.edu/south-africa-business/,Exact MOM 2026 public program page,Global Education; Global Technology / Engineering; Religion / Society; International Business / Economics; Global Education; Global Technology / Engineering; Religion / Society; Global Technology / Engineering; Religion / Society; Sustainability / Environment,ACC 379: Prerequisites: junior or senior standing. An intensive study of some significant topic in accounting that is not otherwise covered by the school’s course offerings. Topics will be chosen in consultation with students who register for the course. (As needed) | BUS 377: This course provides a framework for an intensive study of some significant topic in business that is not otherwise covered by the school’s course offerings. Topics will be chosen by faculty in consultation with students who register for the course. (As needed),ACC 379: junior or senior standing.,,MaconCatalog25_26.docx paragraph 9548; MaconCatalog25_26.docx paragraph 9605,High - CRM travel program,Active Study Abroad Programs 2025-2026.xlsx
PTP-0063,MOM: South Africa (COMP),South Africa / Africa,South Africa,Mercer On Mission,Interdisciplinary,Undergraduate; Graduate/Professional where program permits,2025-2026,Not specified; confirm with program contact,Not listed in source export; confirm with Global Education/Mercer On Mission,MOM: South Africa (COMP) is a Mercer On Mission in South Africa. ,Minimum GPA: 2.0. Program-specific prerequisites/restrictions should be confirmed with host unit.,Review the public program page if listed; contact the host unit/faculty contact before applying.,"Jesse Sowell, Robert Allen, Christine Carr, Craig McMahan",Approved,Mercer On Mission; South Africa; Africa; General Global / Intercultural; Interdisciplinary,Source: CRM export. Public URL: https://mom.mercer.edu/south-africa-computer-science/,MOMSACOMP,2025-2026,2025-2026,Mercer On Mission,"Jesse Sowell, Robert Allen, Christine Carr, Craig McMahan",2.0,,,,,,,https://mom.mercer.edu/south-africa-computer-science/,Exact MOM 2026 public program page,General Global / Intercultural,,,,,High - CRM travel program,Active Study Abroad Programs 2025-2026.xlsx
PTP-0064,MOM: South Korea,South Korea / Asia,"Busan, South Korea; Cheon An, South Korea; Seoul Yeon Cheon, South Korea",Mercer On Mission,Education,Undergraduate; Graduate/Professional where program permits,2025-2026,Not specified; confirm with program contact,Not listed in source export; confirm with Global Education/Mercer On Mission,"MOM: South Korea is a Mercer On Mission in Busan, South Korea; Cheon An, South Korea; Seoul Yeon Cheon, South Korea. Associated course(s): CLA 210: International Service Learning: Teaching English to Speakers of Other Languages; CSL 210: International Service Learning: Evaluation of Teaching English to Speakers of Other Languages; EGR 491: Engineering Intro Programming for Robotics with LEGO EV3; EGR 491: Engineering Intro to 3d Design, Scanning, Modeling, and Printing; EGR 591: Design and Construction of LEGO EV3 Competition Idea and Settings. Catalog context: CSL 210: Designed for Mercer On Mission or other international service-learning experiences.  The course will provide an introduction to the country where the service is being conducted, explore the topic of intercultural engagement, and introduce the principles of effective service-learning. May be repeated for different international experiences. (Occasio",Minimum GPA: 2.0. Program-specific prerequisites/restrictions should be confirmed with host unit.,Review the public program page if listed; contact the host unit/faculty contact before applying.,"Sinjae Hyun, Michael Marcoux, Scott Schultz, Craig McMahan, Sam Jacobs, Christine Carr",Approved,Mercer On Mission; South Korea; Asia; Global Education; Global Technology / Engineering; Religion / Society; Language / Culture; Service / International Development; Global Technology / Engineering; Religion / Society; Education,Source: CRM export. Public URL: https://mom.mercer.edu/south-korea/,MOMSK,2025-2026,2025-2026,Mercer On Mission,"Sinjae Hyun, Michael Marcoux, Scott Schultz, Craig McMahan, Sam Jacobs, Christine Carr",2.0,"CLA 210 International Service Learning: Teaching English to Speakers of Other Languages (3 credits)
CSL 210 International Service Learning: Evaluation of Teaching English to Speakers of Other Languages (3 credits)
EGR 491 Engineering Intro Programming for Robotics with LEGO EV3 (3 credits)
EGR 491 Engineering Intro to 3d Design, Scanning, Modeling, and Printing (3 credits)
EGR 591 Design and Construction of LEGO EV3 Competition Idea and Settings (3 credits)
ETM 591 Design and Construction of LEGO EV3 Competition Idea and Settings (3 credits)
ETM 591 Engineering Advanced 3D Design, Scanning, Modeling, and Printing (3 credits)",CLA 210; CSL 210; EGR 491; EGR 591; ETM 591,"International Service Learning: Teaching English to Speakers of Other Languages; International Service Learning: Evaluation of Teaching English to Speakers of Other Languages; Engineering Intro Programming for Robotics with LEGO EV3; Engineering Intro to 3d Design, Scanning, Modeling, and Printing; Design and Construction of LEGO EV3 Competition Idea and Settings; Engineering Advanced 3D Design, Scanning, Modeling, and Printing",3 credits,,,https://mom.mercer.edu/south-korea/,Exact MOM 2026 public program page,Global Education; Global Technology / Engineering; Religion / Society; Language / Culture; Service / International Development; Global Technology / Engineering; Religion / Society,"CSL 210: Designed for Mercer On Mission or other international service-learning experiences.  The course will provide an introduction to the country where the service is being conducted, explore the topic of intercultural engagement, and introduce the principles of effective service-learning. May be repeated for different international experiences. (Occasio",,CSL 210: Occasionally,MaconCatalog25_26.docx paragraph 3947,High - CRM travel program,Active Study Abroad Programs 2025-2026.xlsx
PTP-0065,MOM: Tanzania,Tanzania / Unmapped,Tanzania,Mercer On Mission,Interdisciplinary,Undergraduate; Graduate/Professional where program permits,2025-2026,Not specified; confirm with program contact,Not listed in source export; confirm with Global Education/Mercer On Mission,MOM: Tanzania is a Mercer On Mission in Tanzania. ,Minimum GPA: 2.0. Program-specific prerequisites/restrictions should be confirmed with host unit.,Review the public program page if listed; contact the host unit/faculty contact before applying.,"Amy Nichols-Belo, Christine Carr, Craig McMahan, Natalie Bourdon",Approved,Mercer On Mission; Tanzania; Unmapped; Global Technology / Engineering; Interdisciplinary,Source: CRM export. Public URL: https://mom.mercer.edu/tanzania/,MOMTZ,2025-2026,2025-2026,Mercer On Mission,"Amy Nichols-Belo, Christine Carr, Craig McMahan, Natalie Bourdon",2.0,,,,,,,https://mom.mercer.edu/tanzania/,Exact MOM 2026 public program page,Global Technology / Engineering,,,,,High - CRM travel program,Active Study Abroad Programs 2025-2026.xlsx
PTP-0066,MOM: Vietnam,Vietnam / Asia,Vietnam,Mercer On Mission,Interdisciplinary,Undergraduate; Graduate/Professional where program permits,2025-2026,Not specified; confirm with program contact,Not listed in source export; confirm with Global Education/Mercer On Mission,MOM: Vietnam is a Mercer On Mission in Vietnam. Associated course(s): BME 492: Instrumentation of Fitting Upper and Lower Prosthetics; BME 592: Instrumentation of Fitting Upper and Lower Prosthetics; BME 691: *no title listed*; BME/EGR 291: *no title listed*; BME/EGR 491: *no title listed*. ,Minimum GPA: 2.0. Program-specific prerequisites/restrictions should be confirmed with host unit.,Review the public program page if listed; contact the host unit/faculty contact before applying.,"Craig McMahan, Trung Le, Christine Carr, Bich Nguyen, Edward O'Brien, Ha Vo",Approved,Mercer On Mission; Vietnam; Asia; Global Health; Global Technology / Engineering; Religion / Society; Global Technology / Engineering; Religion / Society; Interdisciplinary,Source: CRM export. Public URL: https://mom.mercer.edu/vietnam/,MOMVIE,2025-2026,2025-2026,Mercer On Mission,"Craig McMahan, Trung Le, Christine Carr, Bich Nguyen, Edward O'Brien, Ha Vo",2.0,"BME 492 Instrumentation of Fitting Upper and Lower Prosthetics (3 credits)
BME 592 Instrumentation of Fitting Upper and Lower Prosthetics (3 credits)
BME 691 *no title listed* (3 credits)
BME/EGR 291 *no title listed* (3 credits)
BME/EGR 491 *no title listed* (3 credits)
BME/EGR 591 *no title listed* (3 credits)
EGR 292 Instrumentation of Fitting Upper and Lower Prosthetics (3 credits)",BME 492; BME 592; BME 691; BME/EGR 291; BME/EGR 491; BME/EGR 591; EGR 292,Instrumentation of Fitting Upper and Lower Prosthetics; *no title listed*,3 credits,,,https://mom.mercer.edu/vietnam/,Exact MOM 2026 public program page,Global Health; Global Technology / Engineering; Religion / Society; Global Technology / Engineering; Religion / Society,,,,,High - CRM travel program,Active Study Abroad Programs 2025-2026.xlsx
PTP-0067,Al Akhawayn Universtiy,Morocco / Africa,"Ifrane, Morocco",Exchange Program,Interdisciplinary,Undergraduate; Graduate/Professional where program permits,2026-2027,Not specified; confirm with program contact,Not listed in source export; confirm with Global Education/Mercer On Mission,"Al Akhawayn Universtiy is a Exchange Program in Ifrane, Morocco. ",Minimum GPA: 3.0. Program-specific prerequisites/restrictions should be confirmed with host unit.,Review the public program page if listed; contact the host unit/faculty contact before applying.,Bryan Johnson,Approved,Exchange Program; Morocco; Africa; General Global / Intercultural; Interdisciplinary,Source: CRM export. Public URL: https://globalengagement.mercer.edu/global-education/exchange-programs/al-akhawayn-university/,EXPRAUI,2026-2027,2025-2026; 2026-2027,Study Abroad / Global Education,Bryan Johnson,3.0,,,,,,,https://globalengagement.mercer.edu/global-education/exchange-programs/al-akhawayn-university/,Exact Global Education exchange program menu match,General Global / Intercultural,,,,,High - CRM travel program,Active Study Abroad Programs 2026-2027.xlsx
PTP-0068,Bamberg University,Germany / Europe,"Bamberg, Germany",Exchange Program,Interdisciplinary,Undergraduate; Graduate/Professional where program permits,2026-2027,Not specified; confirm with program contact,Not listed in source export; confirm with Global Education/Mercer On Mission,"Bamberg University is a Exchange Program in Bamberg, Germany. ",Minimum GPA: 3.0. Program-specific prerequisites/restrictions should be confirmed with host unit.,Review the public program page if listed; contact the host unit/faculty contact before applying.,Bryan Johnson,Approved,Exchange Program; Germany; Europe; General Global / Intercultural; Interdisciplinary,Source: CRM export. Public URL: https://globalengagement.mercer.edu/global-education/exchange-programs/bamberg-university/,EXPRBAM,2026-2027,2025-2026; 2026-2027,Study Abroad / Global Education,Bryan Johnson,3.0,,,,,,,https://globalengagement.mercer.edu/global-education/exchange-programs/bamberg-university/,Exact Global Education exchange program menu match,General Global / Intercultural,,,,,High - CRM travel program,Active Study Abroad Programs 2026-2027.xlsx
PTP-0069,Hong Kong Baptist University,China / Asia,"Hong Kong, China",Exchange Program,Interdisciplinary,Undergraduate; Graduate/Professional where program permits,2026-2027,Not specified; confirm with program contact,Not listed in source export; confirm with Global Education/Mercer On Mission,"Hong Kong Baptist University is a Exchange Program in Hong Kong, China. ",Minimum GPA: 3.0. Program-specific prerequisites/restrictions should be confirmed with host unit.,Review the public program page if listed; contact the host unit/faculty contact before applying.,Bryan Johnson,Approved,Exchange Program; China; Asia; General Global / Intercultural; Interdisciplinary,Source: CRM export. Public URL: https://globalengagement.mercer.edu/global-education/exchange-programs/hong-kong-baptist-university/,EXPRHKBU,2026-2027,2025-2026; 2026-2027,Study Abroad / Global Education,Bryan Johnson,3.0,,,,,,,https://globalengagement.mercer.edu/global-education/exchange-programs/hong-kong-baptist-university/,Exact Global Education exchange program menu match,General Global / Intercultural,,,,,High - CRM travel program,Active Study Abroad Programs 2026-2027.xlsx
PTP-0070,Jagiellonian University,Poland / Europe,"Krakow, Poland",Exchange Program,Interdisciplinary,Undergraduate; Graduate/Professional where program permits,2026-2027,Not specified; confirm with program contact,Not listed in source export; confirm with Global Education/Mercer On Mission,"Jagiellonian University is a Exchange Program in Krakow, Poland. ",Minimum GPA: 3.0. Program-specific prerequisites/restrictions should be confirmed with host unit.,Review the public program page if listed; contact the host unit/faculty contact before applying.,Bryan Johnson,Approved,Exchange Program; Poland; Europe; General Global / Intercultural; Interdisciplinary,Source: CRM export. Public URL: https://globalengagement.mercer.edu/global-education/exchange-programs/jagiellonian-university/,EXPRJAG,2026-2027,2025-2026; 2026-2027,Study Abroad / Global Education,Bryan Johnson,3.0,,,,,,,https://globalengagement.mercer.edu/global-education/exchange-programs/jagiellonian-university/,Exact Global Education exchange program menu match,General Global / Intercultural,,,,,High - CRM travel program,Active Study Abroad Programs 2026-2027.xlsx
PTP-0071,Kansai Gaidai University,Japan / Asia,"Osaka, Japan",Exchange Program,Engineering; Computer Science; Technology,Undergraduate; Graduate/Professional where program permits,2026-2027,Not specified; confirm with program contact,Not listed in source export; confirm with Global Education/Mercer On Mission,"Kansai Gaidai University is a Exchange Program in Osaka, Japan. ",Minimum GPA: 3.0. Program-specific prerequisites/restrictions should be confirmed with host unit.,Review the public program page if listed; contact the host unit/faculty contact before applying.,Bryan Johnson,Approved,Exchange Program; Japan; Asia; Global Technology / Engineering; Engineering; Computer Science; Technology,Source: CRM export. Public URL: https://globalengagement.mercer.edu/global-education/exchange-programs/kansai-gaidai-university/,EXPRKGU,2026-2027,2025-2026; 2026-2027,Study Abroad / Global Education,Bryan Johnson,3.0,,,,,,,https://globalengagement.mercer.edu/global-education/exchange-programs/kansai-gaidai-university/,Exact Global Education exchange program menu match,Global Technology / Engineering,,,,,High - CRM travel program,Active Study Abroad Programs 2026-2027.xlsx
PTP-0072,Kyungpook National University,South Korea / Asia,"Daegu, South Korea",Exchange Program,Interdisciplinary,Undergraduate; Graduate/Professional where program permits,2026-2027,Not specified; confirm with program contact,Not listed in source export; confirm with Global Education/Mercer On Mission,"Kyungpook National University is a Exchange Program in Daegu, South Korea. ",Minimum GPA: 3.0. Program-specific prerequisites/restrictions should be confirmed with host unit.,Review the public program page if listed; contact the host unit/faculty contact before applying.,Bryan Johnson,Approved,Exchange Program; South Korea; Asia; General Global / Intercultural; Interdisciplinary,Source: CRM export. Public URL: https://globalengagement.mercer.edu/global-education/exchange-programs/kyungpook-national-university/,EXPRKNU,2026-2027,2025-2026; 2026-2027,Study Abroad / Global Education,Bryan Johnson,3.0,,,,,,,https://globalengagement.mercer.edu/global-education/exchange-programs/kyungpook-national-university/,Exact Global Education exchange program menu match,General Global / Intercultural,,,,,High - CRM travel program,Active Study Abroad Programs 2026-2027.xlsx
PTP-0073,Linnaeus University,Sweden / Europe,"Växjö, Sweden",Exchange Program,Interdisciplinary,Undergraduate; Graduate/Professional where program permits,2026-2027,Not specified; confirm with program contact,Not listed in source export; confirm with Global Education/Mercer On Mission,"Linnaeus University is a Exchange Program in Växjö, Sweden. ",Minimum GPA: 3.0. Program-specific prerequisites/restrictions should be confirmed with host unit.,Review the public program page if listed; contact the host unit/faculty contact before applying.,Bryan Johnson,Approved,Exchange Program; Sweden; Europe; General Global / Intercultural; Interdisciplinary,Source: CRM export. Public URL: https://globalengagement.mercer.edu/global-education/exchange-programs/linnaeus-university/,EXPRLNU,2026-2027,2025-2026; 2026-2027,Study Abroad / Global Education,Bryan Johnson,3.0,,,,,,,https://globalengagement.mercer.edu/global-education/exchange-programs/linnaeus-university/,Exact Global Education exchange program menu match,General Global / Intercultural,,,,,High - CRM travel program,Active Study Abroad Programs 2026-2027.xlsx
PTP-0074,Newcastle University,United Kingdom / Europe,"Newcastle Upon Tyne, England, United Kingdom",Exchange Program,Interdisciplinary,Undergraduate; Graduate/Professional where program permits,2026-2027,Not specified; confirm with program contact,Not listed in source export; confirm with Global Education/Mercer On Mission,"Newcastle University is a Exchange Program in Newcastle Upon Tyne, England, United Kingdom. ",Minimum GPA: 3.0. Program-specific prerequisites/restrictions should be confirmed with host unit.,Review the public program page if listed; contact the host unit/faculty contact before applying.,Bryan Johnson,Approved,Exchange Program; United Kingdom; Europe; General Global / Intercultural; Interdisciplinary,Source: CRM export. Public URL: https://globalengagement.mercer.edu/global-education/exchange-programs/newcastle-university/,EXPRNEW,2026-2027,2025-2026; 2026-2027,Study Abroad / Global Education,Bryan Johnson,3.0,,,,,,,https://globalengagement.mercer.edu/global-education/exchange-programs/newcastle-university/,Exact Global Education exchange program menu match,General Global / Intercultural,,,,,High - CRM travel program,Active Study Abroad Programs 2026-2027.xlsx
PTP-0075,Seinan Gakuin University,Japan / Asia,"Fukuoka, Japan",Exchange Program,Interdisciplinary,Undergraduate; Graduate/Professional where program permits,2026-2027,Not specified; confirm with program contact,Not listed in source export; confirm with Global Education/Mercer On Mission,"Seinan Gakuin University is a Exchange Program in Fukuoka, Japan. ",Minimum GPA: 3.0. Program-specific prerequisites/restrictions should be confirmed with host unit.,Review the public program page if listed; contact the host unit/faculty contact before applying.,Bryan Johnson,Approved,Exchange Program; Japan; Asia; General Global / Intercultural; Interdisciplinary,Source: CRM export. Public URL: https://globalengagement.mercer.edu/global-education/exchange-programs/seinan-gakuin-university/,EXPRSGU,2026-2027,2025-2026; 2026-2027,Study Abroad / Global Education,Bryan Johnson,3.0,,,,,,,https://globalengagement.mercer.edu/global-education/exchange-programs/seinan-gakuin-university/,Exact Global Education exchange program menu match,General Global / Intercultural,,,,,High - CRM travel program,Active Study Abroad Programs 2026-2027.xlsx
PTP-0076,Universidad de Belgrano,Argentina / Unmapped,"Buenos Aires, Argentina",Exchange Program,Interdisciplinary,Undergraduate; Graduate/Professional where program permits,2026-2027,Not specified; confirm with program contact,Not listed in source export; confirm with Global Education/Mercer On Mission,"Universidad de Belgrano is a Exchange Program in Buenos Aires, Argentina. ",Minimum GPA: 3.0. Program-specific prerequisites/restrictions should be confirmed with host unit.,Review the public program page if listed; contact the host unit/faculty contact before applying.,Bryan Johnson,Approved,Exchange Program; Argentina; Unmapped; Global Technology / Engineering; Interdisciplinary,Source: CRM export. Public URL: https://globalengagement.mercer.edu/global-education/exchange-programs/universidad-de-belgrano/,EXPRUDB,2026-2027,2025-2026; 2026-2027,Study Abroad / Global Education,Bryan Johnson,3.0,,,,,,,https://globalengagement.mercer.edu/global-education/exchange-programs/universidad-de-belgrano/,Exact Global Education exchange program menu match,Global Technology / Engineering,,,,,High - CRM travel program,Active Study Abroad Programs 2026-2027.xlsx
PTP-0077,Universidad de Navarra,Spain / Europe,"Pamplona, Spain",Exchange Program,Engineering; Computer Science; Technology,Undergraduate; Graduate/Professional where program permits,2026-2027,Not specified; confirm with program contact,Not listed in source export; confirm with Global Education/Mercer On Mission,"Universidad de Navarra is a Exchange Program in Pamplona, Spain. ",Minimum GPA: 3.0. Program-specific prerequisites/restrictions should be confirmed with host unit.,Review the public program page if listed; contact the host unit/faculty contact before applying.,Global Education / Mercer On Mission,Approved,Exchange Program; Spain; Europe; Global Technology / Engineering; Engineering; Computer Science; Technology,Source: CRM export. Public URL: https://globalengagement.mercer.edu/global-education/exchange-programs/universidad-de-navarra/,EXPRUNAV,2026-2027,2025-2026; 2026-2027,Study Abroad / Global Education,,3.0,,,,,,,https://globalengagement.mercer.edu/global-education/exchange-programs/universidad-de-navarra/,Exact Global Education exchange program menu match,Global Technology / Engineering,,,,,High - CRM travel program,Active Study Abroad Programs 2026-2027.xlsx
PTP-0078,Universidad Francisco de Vitoria,Spain / Europe,"Madrid, Spain",Exchange Program,Engineering; Computer Science; Technology,Undergraduate; Graduate/Professional where program permits,2026-2027,Not specified; confirm with program contact,Not listed in source export; confirm with Global Education/Mercer On Mission,"Universidad Francisco de Vitoria is a Exchange Program in Madrid, Spain. ",Minimum GPA: 3.0. Program-specific prerequisites/restrictions should be confirmed with host unit.,Review the public program page if listed; contact the host unit/faculty contact before applying.,Bryan Johnson,Approved,Exchange Program; Spain; Europe; Global Technology / Engineering; Engineering; Computer Science; Technology,Source: CRM export. Public URL: https://globalengagement.mercer.edu/global-education/exchange-programs/universidad-francisco-de-vitoria/,EXPRUFV,2026-2027,2025-2026; 2026-2027,Study Abroad / Global Education,Bryan Johnson,3.0,,,,,,,https://globalengagement.mercer.edu/global-education/exchange-programs/universidad-francisco-de-vitoria/,Exact Global Education exchange program menu match,Global Technology / Engineering,,,,,High - CRM travel program,Active Study Abroad Programs 2026-2027.xlsx
PTP-0079,University of Chichester,United Kingdom / Europe,"Chichester, England, United Kingdom",Exchange Program,Interdisciplinary,Undergraduate; Graduate/Professional where program permits,2026-2027,Not specified; confirm with program contact,Not listed in source export; confirm with Global Education/Mercer On Mission,"University of Chichester is a Exchange Program in Chichester, England, United Kingdom. ",Minimum GPA: 3.0. Program-specific prerequisites/restrictions should be confirmed with host unit.,Review the public program page if listed; contact the host unit/faculty contact before applying.,Bryan Johnson,Approved,Exchange Program; United Kingdom; Europe; General Global / Intercultural; Interdisciplinary,Source: CRM export. Public URL: https://globalengagement.mercer.edu/global-education/exchange-programs/university-of-chichester/,EXPRCHI,2026-2027,2025-2026; 2026-2027,Study Abroad / Global Education,Bryan Johnson,3.0,,,,,,,https://globalengagement.mercer.edu/global-education/exchange-programs/university-of-chichester/,Exact Global Education exchange program menu match,General Global / Intercultural,,,,,High - CRM travel program,Active Study Abroad Programs 2026-2027.xlsx
PTP-0080,University of Essex,United Kingdom / Europe,"Colchester, England, United Kingdom",Exchange Program,Interdisciplinary,Undergraduate; Graduate/Professional where program permits,2026-2027,Not specified; confirm with program contact,Not listed in source export; confirm with Global Education/Mercer On Mission,"University of Essex is a Exchange Program in Colchester, England, United Kingdom. ",Minimum GPA: 3.0. Program-specific prerequisites/restrictions should be confirmed with host unit.,Review the public program page if listed; contact the host unit/faculty contact before applying.,Bryan Johnson,Approved,Exchange Program; United Kingdom; Europe; General Global / Intercultural; Interdisciplinary,Source: CRM export. Public URL: https://globalengagement.mercer.edu/global-education/exchange-programs/university-of-essex/,EXPRUOE,2026-2027,2025-2026; 2026-2027,Study Abroad / Global Education,Bryan Johnson,3.0,,,,,,,https://globalengagement.mercer.edu/global-education/exchange-programs/university-of-essex/,Exact Global Education exchange program menu match,General Global / Intercultural,,,,,High - CRM travel program,Active Study Abroad Programs 2026-2027.xlsx
PTP-0081,University of Nottingham,United Kingdom / Europe,"Nottingham, England, United Kingdom",Exchange Program,Interdisciplinary,Undergraduate; Graduate/Professional where program permits,2026-2027,Not specified; confirm with program contact,Not listed in source export; confirm with Global Education/Mercer On Mission,"University of Nottingham is a Exchange Program in Nottingham, England, United Kingdom. ",Minimum GPA: 3.0. Program-specific prerequisites/restrictions should be confirmed with host unit.,Review the public program page if listed; contact the host unit/faculty contact before applying.,Bryan Johnson,Approved,Exchange Program; United Kingdom; Europe; General Global / Intercultural; Interdisciplinary,Source: CRM export. Public URL: https://globalengagement.mercer.edu/global-education/exchange-programs/university-of-nottingham/,EXPRNOT,2026-2027,2025-2026; 2026-2027,Study Abroad / Global Education,Bryan Johnson,3.0,,,,,,,https://globalengagement.mercer.edu/global-education/exchange-programs/university-of-nottingham/,Exact Global Education exchange program menu match,General Global / Intercultural,,,,,High - CRM travel program,Active Study Abroad Programs 2026-2027.xlsx
PTP-0082,University of Seoul,South Korea / Asia,"Seoul, South Korea",Exchange Program,Interdisciplinary,Undergraduate; Graduate/Professional where program permits,2026-2027,Not specified; confirm with program contact,Not listed in source export; confirm with Global Education/Mercer On Mission,"University of Seoul is a Exchange Program in Seoul, South Korea. ",Minimum GPA: 3.0. Program-specific prerequisites/restrictions should be confirmed with host unit.,Review the public program page if listed; contact the host unit/faculty contact before applying.,Bryan Johnson,Approved,Exchange Program; South Korea; Asia; General Global / Intercultural; Interdisciplinary,Source: CRM export. Public URL: https://globalengagement.mercer.edu/global-education/exchange-programs/university-of-seoul/,EXPRUOS,2026-2027,2025-2026; 2026-2027,Study Abroad / Global Education,Bryan Johnson,3.0,,,,,,,https://globalengagement.mercer.edu/global-education/exchange-programs/university-of-seoul/,Exact Global Education exchange program menu match,General Global / Intercultural,,,,,High - CRM travel program,Active Study Abroad Programs 2026-2027.xlsx
PTP-0083,University of Sussex,United Kingdom / Europe,"Brighton, England, United Kingdom",Exchange Program,Interdisciplinary,Undergraduate; Graduate/Professional where program permits,2026-2027,Not specified; confirm with program contact,Not listed in source export; confirm with Global Education/Mercer On Mission,"University of Sussex is a Exchange Program in Brighton, England, United Kingdom. ",Minimum GPA: 3.0. Program-specific prerequisites/restrictions should be confirmed with host unit.,Review the public program page if listed; contact the host unit/faculty contact before applying.,Bryan Johnson,Approved,Exchange Program; United Kingdom; Europe; General Global / Intercultural; Interdisciplinary,Source: CRM export. Public URL: https://globalengagement.mercer.edu/global-education/exchange-programs/university-of-sussex/,EXPRSUSX,2026-2027,2025-2026; 2026-2027,Study Abroad / Global Education,Bryan Johnson,3.0,,,,,,,https://globalengagement.mercer.edu/global-education/exchange-programs/university-of-sussex/,Exact Global Education exchange program menu match,General Global / Intercultural,,,,,High - CRM travel program,Active Study Abroad Programs 2026-2027.xlsx
PTP-0084,University of the West of Scotland,United Kingdom / Europe,"Paisley, Scotland, United Kingdom",Exchange Program,Interdisciplinary,Undergraduate; Graduate/Professional where program permits,2026-2027,Not specified; confirm with program contact,Not listed in source export; confirm with Global Education/Mercer On Mission,"University of the West of Scotland is a Exchange Program in Paisley, Scotland, United Kingdom. ",Minimum GPA: 3.0. Program-specific prerequisites/restrictions should be confirmed with host unit.,Review the public program page if listed; contact the host unit/faculty contact before applying.,Bryan Johnson,Approved,Exchange Program; United Kingdom; Europe; General Global / Intercultural; Interdisciplinary,Source: CRM export. Public URL: https://globalengagement.mercer.edu/global-education/exchange-programs/university-of-the-west-of-scotland/,EXPRUWS,2026-2027,2025-2026; 2026-2027,Study Abroad / Global Education,Bryan Johnson,3.0,,,,,,,https://globalengagement.mercer.edu/global-education/exchange-programs/university-of-the-west-of-scotland/,Exact Global Education exchange program menu match,General Global / Intercultural,,,,,High - CRM travel program,Active Study Abroad Programs 2026-2027.xlsx
PTP-0085,Yonsei University,South Korea / Asia,"Seoul, South Korea",Exchange Program,Interdisciplinary,Undergraduate; Graduate/Professional where program permits,2026-2027,Not specified; confirm with program contact,Not listed in source export; confirm with Global Education/Mercer On Mission,"Yonsei University is a Exchange Program in Seoul, South Korea. ",Minimum GPA: 3.0. Program-specific prerequisites/restrictions should be confirmed with host unit.,Review the public program page if listed; contact the host unit/faculty contact before applying.,Bryan Johnson,Approved,Exchange Program; South Korea; Asia; General Global / Intercultural; Interdisciplinary,Source: CRM export. Public URL: https://globalengagement.mercer.edu/global-education/exchange-programs/yonsei-university/,EXPRYON,2026-2027,2025-2026; 2026-2027,Study Abroad / Global Education,Bryan Johnson,3.0,,,,,,,https://globalengagement.mercer.edu/global-education/exchange-programs/yonsei-university/,Exact Global Education exchange program menu match,General Global / Intercultural,,,,,High - CRM travel program,Active Study Abroad Programs 2026-2027.xlsx
PTP-0086,December in Belize,Belize / Central America/Caribbean,"Orange Walk, Belize",Faculty-Led Program,Health Professions; Public Health; Psychology,Undergraduate; Graduate/Professional where program permits,2026-2027,Not specified; confirm with program contact,Not listed in source export; confirm with Global Education/Mercer On Mission,"December in Belize is a Faculty-Led Program in Orange Walk, Belize. Associated course(s): PT 747: Physical Therapy Elective: Belize Service Learning. ",Minimum GPA: 3.0. Program-specific prerequisites/restrictions should be confirmed with host unit.,Review the public program page if listed; contact the host unit/faculty contact before applying.,"Tambre Phillips, Deborah Wendland",Approved,Faculty-Led Program; Belize; Central America/Caribbean; Global Health; Global Education; Service / International Development; Health Professions; Public Health; Psychology,Source: CRM export. Public URL: https://globalengagement.mercer.edu/global-education/facultyledprograms/december-in-belize/,FLPRBLZDEC,2026-2027,2026-2027,Study Abroad / Global Education,"Tambre Phillips, Deborah Wendland",3.0,PT 747 Physical Therapy Elective: Belize Service Learning (1 credits),PT 747,Physical Therapy Elective: Belize Service Learning,1 credits,,,https://globalengagement.mercer.edu/global-education/facultyledprograms/december-in-belize/,Exact Global Education faculty-led public program menu match,Global Health; Global Education; Service / International Development,,,,,High - CRM travel program,Active Study Abroad Programs 2026-2027.xlsx
PTP-0087,Fall Break in the Dominican Republic,Dominican Republic / Central America/Caribbean,"Punta Cana, Dominican Republic",Faculty-Led Program,Education,Undergraduate; Graduate/Professional where program permits,2026-2027,Not specified; confirm with program contact,Not listed in source export; confirm with Global Education/Mercer On Mission,"Fall Break in the Dominican Republic is a Faculty-Led Program in Punta Cana, Dominican Republic. Associated course(s): EDUC 421: Science for All Learners: Global Learning—Building Sustainable STEM Learning Environments in the Dominican Republic; EDUC 625: Science for All Learners: Global Learning—Building Sustainable STEM Learning Environments in the Dominican Republic; EGR 295: Global Learning: Building Sustainable STEM Learning Environments in the Dominican Republic; ETM 595: Global Learning: Building Sustainable STEM Learning Environments in the Dominican Republic; IDM 495: Global Learning: Building Sustainable STEM Learning Environments in the Dominican Republic. Catalog context: ETM 595: Prerequisite: Consent of instructor. Study of an advanced topic in Engineering Management not normally offered through regularly scheduled courses in either a study abroad or Mercer on Mission Setting. May be repeated with different topics. (Occasionally)",Minimum GPA: 2.5. Program-specific prerequisites/restrictions should be confirmed with host unit.,Review the public program page if listed; contact the host unit/faculty contact before applying.,"Melinda Hollingshed, Mary Bacallao",Approved,Faculty-Led Program; Dominican Republic; Central America/Caribbean; Global Education; Global Technology / Engineering; Sustainability / Environment; International Business / Economics; Global Education; Global Technology / Engineering; Religion / Society; Sustainability / Environment; Education,Source: CRM export. Public URL: https://globalengagement.mercer.edu/global-education/facultyledprograms/fall-break-in-the-dominican-republic/,FLPRDRFB,2026-2027,2026-2027,Study Abroad / Global Education,"Melinda Hollingshed, Mary Bacallao",2.5,"EDUC 421 Science for All Learners: Global Learning—Building Sustainable STEM Learning Environments in the Dominican Republic (3 credits)
EDUC 625 Science for All Learners: Global Learning—Building Sustainable STEM Learning Environments in the Dominican Republic (3 credits)
EGR 295 Global Learning: Building Sustainable STEM Learning Environments in the Dominican Republic (3 credits)
ETM 595 Global Learning: Building Sustainable STEM Learning Environments in the Dominican Republic (3 credits)
IDM 495 Global Learning: Building Sustainable STEM Learning Environments in the Dominican Republic (3 credits)",EDUC 421; EDUC 625; EGR 295; ETM 595; IDM 495,Science for All Learners: Global Learning—Building Sustainable STEM Learning Environments in the Dominican Republic; Global Learning: Building Sustainable STEM Learning Environments in the Dominican Republic,3 credits,,,https://globalengagement.mercer.edu/global-education/facultyledprograms/fall-break-in-the-dominican-republic/,Exact Global Education faculty-led public program menu match,Global Education; Global Technology / Engineering; Sustainability / Environment; International Business / Economics; Global Education; Global Technology / Engineering; Religion / Society; Sustainability / Environment,ETM 595: Prerequisite: Consent of instructor. Study of an advanced topic in Engineering Management not normally offered through regularly scheduled courses in either a study abroad or Mercer on Mission Setting. May be repeated with different topics. (Occasionally),ETM 595: Consent of instructor.,ETM 595: Occasionally,MaconCatalog25_26.docx paragraph 18594,High - CRM travel program,Active Study Abroad Programs 2026-2027.xlsx
PTP-0088,Spring Break in Italy,Italy / Europe,"Naples, Italy; Palermo, Italy; Rome, Italy",Faculty-Led Program,Health Professions; Public Health; Psychology,Undergraduate; Graduate/Professional where program permits,2026-2027,Not specified; confirm with program contact,Not listed in source export; confirm with Global Education/Mercer On Mission,"Spring Break in Italy is a Faculty-Led Program in Naples, Italy; Palermo, Italy; Rome, Italy. Associated course(s): CSC 285: Topics in Computer Science ""Finding Fibonacci""; CYS 298: Cybersecurity, Surveillance, and Everyday Technology in Italy; PSY 275: Cross Cultural Psychology; CSC 285: Topics in Computer Science ""Finding Fibonacci""; CYS 298: Cybersecurity, Surveillance, and Everyday Technology in Italy. Catalog context: CSC 285: Prerequisite: consent of instructor. Students must engage in projects or assignments requiring at least one contact hour, or equivalent, per week for every hour of credit. May be repeated with different topics. Lab fee. (Occasionally) PSY 275: (Same as ANT 275) Prerequisite: PSY 101. An introduction to the perspectives, methods, and controversies in studying human psychology across cultures. Explores the dimensions along which cultures vary and examines specific differences and similarities between cultures in areas such as identity, social relations, child-rearing, and mental disorders.",Minimum GPA: 2.5. Program-specific prerequisites/restrictions should be confirmed with host unit.,Review the public program page if listed; contact the host unit/faculty contact before applying.,"Tanya Sharon, Robert Allen, Christina Petruso, Johnathan Yerby",Approved,Faculty-Led Program; Italy; Europe; Global Education; Global Technology / Engineering; Global Education; Global Technology / Engineering; Global Justice / Goverce; Global Education; Language / Culture; Health Professions; Public Health; Psychology,Source: CRM export. Public URL: https://globalengagement.mercer.edu/global-education/facultyledprograms/spring-break-in-italy/,FLPRITA,2026-2027,2025-2026; 2026-2027,Study Abroad / Global Education,"Tanya Sharon, Robert Allen, Christina Petruso, Johnathan Yerby",2.5,"CSC 285 Topics in Computer Science ""Finding Fibonacci"" (1 credits)
CYS 298 Cybersecurity, Surveillance, and Everyday Technology in Italy (1 credits)
PSY 275 Cross Cultural Psychology (3 credits)",CSC 285; CYS 298; PSY 275,"Topics in Computer Science ""Finding Fibonacci""; Cybersecurity, Surveillance, and Everyday Technology in Italy; Cross Cultural Psychology",1 credits; 3 credits,,,https://globalengagement.mercer.edu/global-education/facultyledprograms/spring-break-in-italy/,Exact Global Education faculty-led public program menu match,Global Education; Global Technology / Engineering; Global Education; Global Technology / Engineering; Global Justice / Governance; Global Education; Language / Culture,"CSC 285: Prerequisite: consent of instructor. Students must engage in projects or assignments requiring at least one contact hour, or equivalent, per week for every hour of credit. May be repeated with different topics. Lab fee. (Occasionally) | PSY 275: (Same as ANT 275) Prerequisite: PSY 101. An introduction to the perspectives, methods, and controversies in studying human psychology across cultures. Explores the dimensions along which cultures vary and examines specific differences and similarities between cultures in areas such as identity, social relations, child-rearing, and mental disorders. | CSC 285: Prerequisite: consent of instructor. Students must engage in projects or assignments requiring at least one contact hour, or equivalent, per week for every hour of credit. May be repeated with different topics. Lab fee. (Occasionally) | PSY 275: (Same as ANT 275) Prerequisite: PSY 101. An introduction to the perspectives, methods, and controversies in studying human psychology across cultures. Explores the dimensions along which cultures vary and examines specific differences and similarities between cultures in areas such as identity, social relations, child-rearing, and mental disorders.",CSC 285: consent of instructor. | PSY 275: PSY 101. | CSC 285: consent of instructor. | PSY 275: PSY 101.,CSC 285: Occasionally | PSY 275: Every year | CSC 285: Occasionally | PSY 275: Every year,MaconCatalog25_26.docx paragraph 4117; MaconCatalog25_26.docx paragraph 7971,High - CRM travel program,Active Study Abroad Programs 2026-2027.xlsx
PTP-0089,Spring Break in Japan,Japan / Asia,"Tokyo, Japan",Faculty-Led Program,Health Professions; Public Health; Psychology,Undergraduate; Graduate/Professional where program permits,2026-2027,Not specified; confirm with program contact,Not listed in source export; confirm with Global Education/Mercer On Mission,"Spring Break in Japan is a Faculty-Led Program in Tokyo, Japan. Associated course(s): PSY 281: Special Topics: Brain Health & Alzheimer's Disease. Catalog context: PSY 281: (Subtitle) Prerequisite: PSY 101. A survey of a content area in psychology that is not available through other departmental course offerings. May be repeated with different topics. (Occasionally)",Minimum GPA: 2.5. Program-specific prerequisites/restrictions should be confirmed with host unit.,Review the public program page if listed; contact the host unit/faculty contact before applying.,"Stephen Lippi, Gillian Barkell",Approved,Faculty-Led Program; Japan; Asia; Global Health; Global Education; Global Technology / Engineering; Health Professions; Public Health; Psychology,Source: CRM export. Public URL: https://globalengagement.mercer.edu/global-education/facultyledprograms/spring-break-in-japan/,FLPRJPN,2026-2027,2026-2027,Study Abroad / Global Education,"Stephen Lippi, Gillian Barkell",2.5,PSY 281 Special Topics: Brain Health & Alzheimer's Disease (3 credits),PSY 281,Special Topics: Brain Health & Alzheimer's Disease,3 credits,,,https://globalengagement.mercer.edu/global-education/facultyledprograms/spring-break-in-japan/,Exact Global Education faculty-led public program menu match,Global Health; Global Education; Global Technology / Engineering,PSY 281: (Subtitle) Prerequisite: PSY 101. A survey of a content area in psychology that is not available through other departmental course offerings. May be repeated with different topics. (Occasionally),PSY 281: PSY 101.,PSY 281: Occasionally,MaconCatalog25_26.docx paragraph 7975,High - CRM travel program,Active Study Abroad Programs 2026-2027.xlsx
